name,ksads1_id,ksads2_id
mh_p/y_ksads__dep__screen__pres_001,95,95
mh_p/y_ksads__dep__screen__past_001,96,96
mh_p/y_ksads__dep__screen__past_001__01,97,
mh_p/y_ksads__dep__screen__pres_002,98,97
mh_p/y_ksads__dep__screen__past_002,99,98
mh_p/y_ksads__dep__screen__past_002__01,100,
mh_p/y_ksads__dep__screen__pres_003,101,99
mh_p/y_ksads__dep__screen__past_003,102,100
mh_p/y_ksads__dep__screen__past_003__01,103,
mh_p/y_ksads__dep__screen__pres_004a__mo,104,101
mh_p/y_ksads__dep__screen__pres_004b__mo,105,102
mh_p/y_ksads__dep__screen__pres_004c__mo,106,103
mh_p/y_ksads__dep__screen__pres_004d__mo,107,104
mh_p/y_ksads__dep__screen__pres_004e__mo,108,105
mh_p/y_ksads__dep__screen__pres_004f__mo,109,106
mh_p/y_ksads__dep__screen__pres_004g__mo,110,107
mh_p/y_ksads__dep__screen__past_004a__mo,111,108
mh_p/y_ksads__dep__screen__past_004b__mo,112,109
mh_p/y_ksads__dep__screen__past_004c__mo,113,110
mh_p/y_ksads__dep__screen__past_004d__mo,114,111
mh_p/y_ksads__dep__screen__past_004e__mo,115,112
mh_p/y_ksads__dep__screen__past_004f__mo,116,113
mh_p/y_ksads__dep__screen__past_004g__mo,117,114
mh_p/y_ksads__dep__screen__past_004__01__wk,118,115
mh_p/y_ksads__gad__screen__pres_001,271,198
mh_p/y_ksads__gad__screen__pres_001__01__mo,272,199
mh_p/y_ksads__gad__screen__pres_001__01__yr,272,199
mh_p/y_ksads__gad__screen__past_001,273,200
mh_p/y_ksads__gad__screen__past_001__01,274,
mh_p/y_ksads__gad__screen__past_001__01__mo,275,201
mh_p/y_ksads__gad__screen__past_001__01__yr,275,201
mh_p/y_ksads__ocd__screen__pres/past_,276,202
mh_p/y_ksads__ocd__screen__pres_001___1,277,203
mh_p/y_ksads__ocd__screen__pres_001___2,278,
mh_p/y_ksads__ocd__screen__pres_001___3,279,204
mh_p/y_ksads__ocd__screen__pres_001___4,280,205
mh_p/y_ksads__ocd__screen__pres_001___5,281,206
mh_p/y_ksads__ocd__screen__pres_001___6,282,207
mh_p/y_ksads__ocd__screen__pres_001___7,283,208
mh_p/y_ksads__ocd__screen__pres_001___8,284,209
mh_p/y_ksads__ocd__screen__pres_001__01__mo,285,210
mh_p/y_ksads__ocd__screen__pres_001__01__yr,285,210
mh_p/y_ksads__ocd__screen__past_001__01,286,
mh_p/y_ksads__ocd__screen__past_001__01__01,287,
mh_p/y_ksads__ocd__screen__past_001__01__02__mo,288,
mh_p/y_ksads__ocd__screen__past_001__01__02__yr,288,
mh_p/y_ksads__ocd__screen__past_,289,
mh_p/y_ksads__ocd__screen__past_001___1,290,
mh_p/y_ksads__ocd__screen__past_001___2,291,
mh_p/y_ksads__ocd__screen__past_001___3,292,
mh_p/y_ksads__ocd__screen__past_001___4,293,
mh_p/y_ksads__ocd__screen__past_001___5,294,
mh_p/y_ksads__ocd__screen__past_001___6,295,
mh_p/y_ksads__ocd__screen__past_001___7,296,
mh_p/y_ksads__ocd__screen__past_001___8,297,
mh_p/y_ksads__ocd__screen__past_001__03__mo,298,
mh_p/y_ksads__ocd__screen__past_001__03__wk,298,
mh_p/y_ksads__ocd__screen__past_001__03__yr,298,
mh_p/y_ksads__ocd__screen__pres_,299,211
mh_p/y_ksads__ocd__screen__pres_002___1,300,212
mh_p/y_ksads__ocd__screen__pres_002___2,301,213
mh_p/y_ksads__ocd__screen__pres_002___3,302,214
mh_p/y_ksads__ocd__screen__pres_002___4,303,215
mh_p/y_ksads__ocd__screen__pres_002___5,304,
mh_p/y_ksads__ocd__screen__pres_002___6,305,216
mh_p/y_ksads__ocd__screen__pres_002___7,306,217
mh_p/y_ksads__ocd__screen__pres_002___8,307,218
mh_p/y_ksads__ocd__screen__pres_002___9,308,219
mh_p/y_ksads__ocd__screen__pres_002___10,309,220
mh_p/y_ksads__ocd__screen__pres_002__01__mo,310,221
mh_p/y_ksads__ocd__screen__pres_002__01__yr,310,221
mh_p/y_ksads__ocd__screen__past_002__01,311,
mh_p/y_ksads__ocd__screen__pres_002__01__01,312,
mh_p/y_ksads__ocd__screen__past_002__01__02__mo,313,
mh_p/y_ksads__ocd__screen__past_002__01__02__yr,313,
mh_p/y_ksads__ocd__screen__past_,314,
mh_p/y_ksads__ocd__screen__past_002___1,315,
mh_p/y_ksads__ocd__screen__past_002___2,316,
mh_p/y_ksads__ocd__screen__past_002___3,317,
mh_p/y_ksads__ocd__screen__past_002___4,318,
mh_p/y_ksads__ocd__screen__past_002___5,319,
mh_p/y_ksads__ocd__screen__past_002___6,320,
mh_p/y_ksads__ocd__screen__past_002___7,321,
mh_p/y_ksads__ocd__screen__past_002___8,322,
mh_p/y_ksads__ocd__screen__past_002___9,323,
mh_p/y_ksads__ocd__screen__past_002___10,324,
mh_p/y_ksads__ocd__screen__past_002__03__mo,325,
mh_p/y_ksads__ocd__screen__past_002__03__wk,325,
mh_p/y_ksads__ocd__screen__past_002__03__yr,325,
mh_p/y_ksads__ed__screen__pres_001,358,254
mh_p/y_ksads__ed__screen__past_001,361,257
mh_p/y_ksads__ed__screen__past_001__01,362,
mh_p/y_ksads__ed__screen__pres_002__ft,359,255
mh_p/y_ksads__ed__screen__pres_002__01__mo,360,256
mh_p/y_ksads__ed__screen__pres_002__01__wk,360,256
mh_p/y_ksads__ed__screen__past_002__01__ft,363,258
mh_p/y_ksads__ed__screen__past_002__01__in,363,258
mh_p/y_ksads__ed__screen__past_002__01__weight,363,258
mh_p/y_ksads__ed__screen__past_002__02__mo,364,
mh_p/y_ksads__ed__screen__past_002__02__yr,364,
mh_p/y_ksads__ed__screen__pres_003,365,259
mh_p/y_ksads__ed__screen__past_003,366,260
mh_p/y_ksads__ed__screen__past_003__01,367,
mh_p/y_ksads__ed__screen__pres_004,368,261
mh_p/y_ksads__ed__screen__past_004,369,262
mh_p/y_ksads__ed__screen__past_004__01,370,
mh_p/y_ksads__ed__screen__pres_005,371,263
mh_p/y_ksads__ed__screen__past_005,372,264
mh_p/y_ksads__ed__screen__past_005__mo,372,264
mh_p/y_ksads__ed__screen__past_005__yr,372,264
mh_p/y_ksads__ed__screen__past_005__01,373,
mh_p/y_ksads__ed__screen__past_005__01__mo,373,
mh_p/y_ksads__ed__screen__past_005__01__yr,373,
mh_p/y_ksads__ed__screen__pres_006a__mo,374,265
mh_p/y_ksads__ed__screen__pres_006a__yr,374,265
mh_p/y_ksads__ed__screen__pres_006b__mo,375,266
mh_p/y_ksads__ed__screen__pres_006b__yr,375,266
mh_p/y_ksads__ed__screen__pres_006c__mo,376,267
mh_p/y_ksads__ed__screen__pres_006c__yr,376,267
mh_p/y_ksads__ed__screen__pres_006d__mo,377,268
mh_p/y_ksads__ed__screen__pres_006d__yr,377,268
mh_p/y_ksads__ed__screen__pres_006e__mo,378,269
mh_p/y_ksads__ed__screen__pres_006e__yr,378,269
mh_p/y_ksads__ed__screen__pres_006f__mo,379,270
mh_p/y_ksads__ed__screen__pres_006f__yr,379,270
mh_p/y_ksads__ed__screen__pres_006g__mo,380,271
mh_p/y_ksads__ed__screen__pres_006g__yr,380,271
mh_p/y_ksads__ed__screen__pres_006h__mo,381,272
mh_p/y_ksads__ed__screen__pres_006h__yr,381,272
mh_p/y_ksads__ed__screen__pres_006i__mo,382,273
mh_p/y_ksads__ed__screen__pres_006i__yr,382,273
mh_p/y_ksads__ed__screen__pres_006j__mo,383,274
mh_p/y_ksads__ed__screen__pres_006j__yr,383,274
mh_p/y_ksads__ed__screen__pres_006k__mo,384,275
mh_p/y_ksads__ed__screen__pres_006k__yr,384,275
mh_p/y_ksads__ed__screen__pres_006l__mo,385,276
mh_p/y_ksads__ed__screen__pres_006l__yr,385,276
mh_p/y_ksads__ed__screen__pres_006m__mo,386,277
mh_p/y_ksads__ed__screen__pres_006m__yr,386,277
mh_p/y_ksads__ed__screen__pres_006n__mo,387,278
mh_p/y_ksads__ed__screen__pres_006n__yr,387,278
mh_p/y_ksads__ed__screen__pres_006o__mo,388,279
mh_p/y_ksads__ed__screen__pres_006o__yr,388,279
mh_p/y_ksads__ed__screen__past_006a__mo,389,
mh_p/y_ksads__ed__screen__past_006a__yr,389,
mh_p/y_ksads__ed__screen__past_006b__mo,390,
mh_p/y_ksads__ed__screen__past_006b__yr,390,
mh_p/y_ksads__ed__screen__past_006c__mo,391,
mh_p/y_ksads__ed__screen__past_006c__yr,391,
mh_p/y_ksads__ed__screen__past_006d__mo,392,
mh_p/y_ksads__ed__screen__past_006d__yr,392,
mh_p/y_ksads__ed__screen__past_006e__mo,393,
mh_p/y_ksads__ed__screen__past_006e__yr,393,
mh_p/y_ksads__ed__screen__past_006f__mo,394,
mh_p/y_ksads__ed__screen__past_006f__yr,394,
mh_p/y_ksads__ed__screen__past_006g__mo,395,
mh_p/y_ksads__ed__screen__past_006g__yr,395,
mh_p/y_ksads__ed__screen__past_006h__mo,396,
mh_p/y_ksads__ed__screen__past_006h__yr,396,
mh_p/y_ksads__ed__screen__past_006i__mo,397,
mh_p/y_ksads__ed__screen__past_006i__yr,397,
mh_p/y_ksads__ed__screen__past_006j__mo,398,
mh_p/y_ksads__ed__screen__past_006j__yr,398,
mh_p/y_ksads__ed__screen__past_006k__mo,399,
mh_p/y_ksads__ed__screen__past_006k__yr,399,
mh_p/y_ksads__ed__screen__past_006l__mo,400,
mh_p/y_ksads__ed__screen__past_006l__yr,400,
mh_p/y_ksads__ed__screen__past_006m__mo,401,
mh_p/y_ksads__ed__screen__past_006m__yr,401,
mh_p/y_ksads__ed__screen__past_006n__mo,402,
mh_p/y_ksads__ed__screen__past_006n__yr,402,
mh_p/y_ksads__ed__screen__past_006o__mo,403,
mh_p/y_ksads__ed__screen__past_006o__yr,403,
mh_p/y_ksads__adhd__screen__pres_001,404,280
mh_p/y_ksads__adhd__screen__pres_001__01,405,281
mh_p/y_ksads__adhd__screen__past_001,406,282
mh_p/y_ksads__adhd__screen__past_001__01,407,
mh_p/y_ksads__adhd__screen__past_001__02,408,283
mh_p/y_ksads__adhd__screen__pres_002,409,284
mh_p/y_ksads__adhd__screen__pres_002__01,410,285
mh_p/y_ksads__adhd__screen__past_002,411,286
mh_p/y_ksads__adhd__screen__past_002__01,412,
mh_p/y_ksads__adhd__screen__past_002__02,413,287
mh_p/y_ksads__adhd__screen__pres_003,414,288
mh_p/y_ksads__adhd__screen__pres_003__01,415,289
mh_p/y_ksads__adhd__screen__past_003,416,290
mh_p/y_ksads__adhd__screen__past_003__01,417,
mh_p/y_ksads__adhd__screen__past_003__02,418,291
mh_p/y_ksads__adhd__screen__pres_004,419,292
mh_p/y_ksads__adhd__screen__pres_004__01,420,293
mh_p/y_ksads__adhd__screen__past_004,421,294
mh_p/y_ksads__adhd__screen__past_004__01,422,
mh_p/y_ksads__adhd__screen__past_004__02,423,295
mh_p/y_ksads__adhd__screen__pres_005a,424,296
mh_p/y_ksads__adhd__screen__pres_005b,425,297
mh_p/y_ksads__adhd__screen__pres_005c,426,298
mh_p/y_ksads__adhd__screen__pres_005d,427,299
mh_p/y_ksads__adhd__screen__pres_005e,428,300
mh_p/y_ksads__adhd__screen__pres_005f,429,301
mh_p/y_ksads__adhd__screen__pres_005g,430,302
mh_p/y_ksads__adhd__screen__pres_005h,431,303
mh_p/y_ksads__adhd__screen__pres_005i,432,304
mh_p/y_ksads__adhd__screen__pres_005j,433,305
mh_p/y_ksads__adhd__screen__pres_005k,434,306
mh_p/y_ksads__adhd__screen__pres_005l,435,307
mh_p/y_ksads__adhd__screen__pres_005m,436,308
mh_p/y_ksads__adhd__screen__pres_005n,437,309
mh_p/y_ksads__adhd__screen__pres_005o,438,310
mh_p/y_ksads__adhd__screen__past_005a__mo,439,
mh_p/y_ksads__adhd__screen__past_005a__yr,439,
mh_p/y_ksads__adhd__screen__past_005b__mo,440,
mh_p/y_ksads__adhd__screen__past_005b__yr,440,
mh_p/y_ksads__adhd__screen__past_005c__mo,441,
mh_p/y_ksads__adhd__screen__past_005c__yr,441,
mh_p/y_ksads__adhd__screen__past_005d__mo,442,
mh_p/y_ksads__adhd__screen__past_005d__yr,442,
mh_p/y_ksads__adhd__screen__past_005e__mo,443,
mh_p/y_ksads__adhd__screen__past_005e__yr,443,
mh_p/y_ksads__adhd__screen__past_005f__mo,444,
mh_p/y_ksads__adhd__screen__past_005f__yr,444,
mh_p/y_ksads__adhd__screen__past_005g__mo,445,
mh_p/y_ksads__adhd__screen__past_005g__yr,445,
mh_p/y_ksads__adhd__screen__past_005h__mo,446,
mh_p/y_ksads__adhd__screen__past_005h__yr,446,
mh_p/y_ksads__adhd__screen__past_005i__mo,447,
mh_p/y_ksads__adhd__screen__past_005i__yr,447,
mh_p/y_ksads__adhd__screen__past_005j__mo,448,
mh_p/y_ksads__adhd__screen__past_005j__yr,448,
mh_p/y_ksads__adhd__screen__past_005k__mo,449,
mh_p/y_ksads__adhd__screen__past_005k__yr,449,
mh_p/y_ksads__adhd__screen__past_005l__mo,450,
mh_p/y_ksads__adhd__screen__past_005l__yr,450,
mh_p/y_ksads__adhd__screen__past_005m__mo,451,
mh_p/y_ksads__adhd__screen__past_005m__yr,451,
mh_p/y_ksads__adhd__screen__past_005n__mo,452,
mh_p/y_ksads__adhd__screen__past_005n__yr,452,
mh_p/y_ksads__adhd__screen__past_005o__mo,453,
mh_p/y_ksads__adhd__screen__past_005o__yr,453,
mh_p/y_ksads__odd__screen__pres_001,454,311
mh_p/y_ksads__odd__screen__past_001,455,312
mh_p/y_ksads__odd__screen__past_001__01,456,
mh_p/y_ksads__odd__screen__pres_002,457,313
mh_p/y_ksads__odd__screen__past_002,458,314
mh_p/y_ksads__odd__screen__past_002__mo,458,314
mh_p/y_ksads__odd__screen__past_002__start__mo,458,314
mh_p/y_ksads__odd__screen__past_002__start__yr,458,314
mh_p/y_ksads__odd__screen__past_002__worst__mo,458,314
mh_p/y_ksads__odd__screen__past_002__worst__yr,458,314
mh_p/y_ksads__odd__screen__past_002__yr,458,314
mh_p/y_ksads__odd__screen__past_002__01,459,
mh_p/y_ksads__odd__screen__past_002__01__mo,459,
mh_p/y_ksads__odd__screen__past_002__01__yr,459,
mh_p/y_ksads__odd__screen__pres_003a__mo,460,315
mh_p/y_ksads__odd__screen__pres_003a__yr,460,315
mh_p/y_ksads__odd__screen__pres_003b__mo,461,316
mh_p/y_ksads__odd__screen__pres_003b__yr,461,316
mh_p/y_ksads__odd__screen__pres_003c__mo,462,317
mh_p/y_ksads__odd__screen__pres_003c__yr,462,317
mh_p/y_ksads__odd__screen__past_003a__mo,463,
mh_p/y_ksads__odd__screen__past_003a__yr,463,
mh_p/y_ksads__odd__screen__past_003b__mo,464,
mh_p/y_ksads__odd__screen__past_003b__yr,464,
mh_p/y_ksads__odd__screen__past_003c__mo,465,
mh_p/y_ksads__odd__screen__past_003c__yr,465,
mh_p/y_ksads__cond__screen__pres_001,466,318
mh_p/y_ksads__cond__screen__past_001,467,319
mh_p/y_ksads__cond__screen__past_001__01,468,
mh_p/y_ksads__cond__screen__pres_002,469,320
mh_p/y_ksads__cond__screen__past_002,470,321
mh_p/y_ksads__cond__screen__past_002__02,471,
mh_p/y_ksads__cond__screen__past_002__01,472,322
mh_p/y_ksads__cond__screen__pres_003,473,323
mh_p/y_ksads__cond__screen__pres_003__01,474,324
mh_p/y_ksads__cond__screen__past_003,475,325
mh_p/y_ksads__cond__screen__past_003__02,476,
mh_p/y_ksads__cond__screen__past_003__01,477,326
mh_p/y_ksads__cond__screen__pres_004,478,327
mh_p/y_ksads__cond__screen__past_004,479,328
mh_p/y_ksads__cond__screen__past_004__01,480,
mh_p/y_ksads__cond__screen__pres_005,481,329
mh_p/y_ksads__cond__screen__past_005,482,330
mh_p/y_ksads__cond__screen__past_005__01,483,
mh_p/y_ksads__cond__screen__pres_006a__mo,484,331
mh_p/y_ksads__cond__screen__pres_006b__mo,510,357
mh_p/y_ksads__cond__screen__pres_006c__mo,511,358
mh_p/y_ksads__cond__screen__pres_006d__mo,512,359
mh_p/y_ksads__cond__screen__pres_006e__mo,513,360
mh_p/y_ksads__cond__screen__pres_006f__mo,514,361
mh_p/y_ksads__cond__screen__pres_006g__mo,485,332
mh_p/y_ksads__cond__screen__pres_006h__mo,486,333
mh_p/y_ksads__cond__screen__pres_006i__mo,487,334
mh_p/y_ksads__cond__screen__pres_006j__mo,488,335
mh_p/y_ksads__cond__screen__pres_006k__mo,489,336
mh_p/y_ksads__cond__screen__pres_006l__mo,490,337
mh_p/y_ksads__cond__screen__pres_006m__mo,491,338
mh_p/y_ksads__cond__screen__pres_006n__mo,492,339
mh_p/y_ksads__cond__screen__pres_006o__mo,493,340
mh_p/y_ksads__cond__screen__pres_006p__mo,494,341
mh_p/y_ksads__cond__screen__pres_006q__mo,495,342
mh_p/y_ksads__cond__screen__pres_006r__mo,496,343
mh_p/y_ksads__cond__screen__pres_006s__mo,497,344
mh_p/y_ksads__cond__screen__pres_006t__mo,498,345
mh_p/y_ksads__cond__screen__pres_006u__mo,499,346
mh_p/y_ksads__cond__screen__pres_006v__mo,500,347
mh_p/y_ksads__cond__screen__pres_006w__mo,501,348
mh_p/y_ksads__cond__screen__pres_006x__mo,502,349
mh_p/y_ksads__cond__screen__pres_006y__mo,503,350
mh_p/y_ksads__cond__screen__pres_006z__mo,504,351
mh_p/y_ksads__cond__screen__pres_006aa__mo,505,352
mh_p/y_ksads__cond__screen__pres_006ab__mo,506,353
mh_p/y_ksads__cond__screen__pres_006ac__mo,507,354
mh_p/y_ksads__cond__screen__pres_006ad__mo,508,355
mh_p/y_ksads__cond__screen__pres_006ae__mo,509,356
mh_p/y_ksads__cond__screen__past_006a__mo,515,
mh_p/y_ksads__cond__screen__past_006a__yr,515,
mh_p/y_ksads__cond__screen__past_006b__mo,541,
mh_p/y_ksads__cond__screen__past_006b__yr,541,
mh_p/y_ksads__cond__screen__past_006c__mo,542,
mh_p/y_ksads__cond__screen__past_006c__yr,542,
mh_p/y_ksads__cond__screen__past_006d__mo,543,
mh_p/y_ksads__cond__screen__past_006d__yr,543,
mh_p/y_ksads__cond__screen__past_006e__mo,544,
mh_p/y_ksads__cond__screen__past_006e__yr,544,
mh_p/y_ksads__cond__screen__past_006f__mo,545,
mh_p/y_ksads__cond__screen__past_006f__yr,545,
mh_p/y_ksads__cond__screen__past_006g__mo,516,
mh_p/y_ksads__cond__screen__past_006g__yr,516,
mh_p/y_ksads__cond__screen__past_006h__mo,517,
mh_p/y_ksads__cond__screen__past_006h__yr,517,
mh_p/y_ksads__cond__screen__past_006i__mo,518,
mh_p/y_ksads__cond__screen__past_006i__yr,518,
mh_p/y_ksads__cond__screen__past_006j__mo,519,
mh_p/y_ksads__cond__screen__past_006j__worst__mo,519,
mh_p/y_ksads__cond__screen__past_006j__worst__yr,519,
mh_p/y_ksads__cond__screen__past_006j__yr,519,
mh_p/y_ksads__cond__screen__past_006k__mo,520,
mh_p/y_ksads__cond__screen__past_006k__yr,520,
mh_p/y_ksads__cond__screen__past_006l__mo,521,
mh_p/y_ksads__cond__screen__past_006l__yr,521,
mh_p/y_ksads__cond__screen__past_006m__mo,522,
mh_p/y_ksads__cond__screen__past_006m__yr,522,
mh_p/y_ksads__cond__screen__past_006n__mo,523,
mh_p/y_ksads__cond__screen__past_006n__yr,523,
mh_p/y_ksads__cond__screen__past_006o__mo,524,
mh_p/y_ksads__cond__screen__past_006o__yr,524,
mh_p/y_ksads__cond__screen__past_006p__mo,525,
mh_p/y_ksads__cond__screen__past_006p__yr,525,
mh_p/y_ksads__cond__screen__past_006q__mo,526,
mh_p/y_ksads__cond__screen__past_006q__yr,526,
mh_p/y_ksads__cond__screen__past_006r__mo,527,
mh_p/y_ksads__cond__screen__past_006r__yr,527,
mh_p/y_ksads__cond__screen__past_006s__mo,528,
mh_p/y_ksads__cond__screen__past_006s__yr,528,
mh_p/y_ksads__cond__screen__past_006t__mo,529,
mh_p/y_ksads__cond__screen__past_006t__yr,529,
mh_p/y_ksads__cond__screen__past_006u__mo,530,
mh_p/y_ksads__cond__screen__past_006u__yr,530,
mh_p/y_ksads__cond__screen__past_006v__mo,531,
mh_p/y_ksads__cond__screen__past_006v__yr,531,
mh_p/y_ksads__cond__screen__past_006w__mo,532,
mh_p/y_ksads__cond__screen__past_006w__yr,532,
mh_p/y_ksads__cond__screen__past_006x__mo,533,
mh_p/y_ksads__cond__screen__past_006x__yr,533,
mh_p/y_ksads__cond__screen__past_006y__mo,534,
mh_p/y_ksads__cond__screen__past_006y__yr,534,
mh_p/y_ksads__cond__screen__past_006z__mo,535,
mh_p/y_ksads__cond__screen__past_006z__yr,535,
mh_p/y_ksads__cond__screen__past_006aa__mo,536,
mh_p/y_ksads__cond__screen__past_006aa__yr,536,
mh_p/y_ksads__cond__screen__past_006ab__mo,537,
mh_p/y_ksads__cond__screen__past_006ab__yr,537,
mh_p/y_ksads__cond__screen__past_006ac__mo,538,
mh_p/y_ksads__cond__screen__past_006ac__yr,538,
mh_p/y_ksads__cond__screen__past_006ad__mo,539,
mh_p/y_ksads__cond__screen__past_006ad__yr,539,
mh_p/y_ksads__cond__screen__past_006ae__mo,540,
mh_p/y_ksads__cond__screen__past_006ae__yr,540,
mh_p/y_ksads__tic__screen__pres_001,546,362
mh_p/y_ksads__tic__screen__past_001,547,363
mh_p/y_ksads__tic__screen__past_001__01,548,
mh_p/y_ksads__tic__screen__pres_002,549,364
mh_p/y_ksads__tic__screen__past_002,550,365
mh_p/y_ksads__tic__screen__past_002__01,551,
mh_p/y_ksads__tic__screen__pres_003a__mo,552,366
mh_p/y_ksads__tic__screen__pres_003a__yr,552,366
mh_p/y_ksads__tic__screen__pres_003b__mo,553,367
mh_p/y_ksads__tic__screen__pres_003b__yr,553,367
mh_p/y_ksads__tic__screen__pres_003c__mo,554,368
mh_p/y_ksads__tic__screen__pres_003c__yr,554,368
mh_p/y_ksads__tic__screen__past_003a__mo,555,
mh_p/y_ksads__tic__screen__past_003a__yr,555,
mh_p/y_ksads__tic__screen__past_003b__mo,556,
mh_p/y_ksads__tic__screen__past_003b__yr,556,
mh_p/y_ksads__tic__screen__past_003c__mo,557,
mh_p/y_ksads__tic__screen__past_003c__yr,557,
mh_p/y_ksads__asd__screen__pres_001,558,369
mh_p/y_ksads__asd__screen__past_001,559,370
mh_p/y_ksads__asd__screen__pres_002,560,371
mh_p/y_ksads__asd__screen__past_002,561,372
mh_p/y_ksads__asd__screen__pres_003,562,373
mh_p/y_ksads__asd__screen__past_003,563,374
mh_p/y_ksads__asd__screen__pres_004a__mo,564,375
mh_p/y_ksads__asd__screen__pres_004b__mo,565,376
mh_p/y_ksads__asd__screen__pres_004c__mo,566,377
mh_p/y_ksads__asd__screen__pres_004d__mo,567,378
mh_p/y_ksads__asd__screen__pres_004e__mo,568,379
mh_p/y_ksads__asd__screen__pres_004f__mo,569,380
mh_p/y_ksads__asd__screen__pres_004g__mo,570,381
mh_p/y_ksads__asd__screen__past_004a__mo,571,382
mh_p/y_ksads__asd__screen__past_004a__yr,571,382
mh_p/y_ksads__asd__screen__past_004b__mo,572,383
mh_p/y_ksads__asd__screen__past_004b__yr,572,383
mh_p/y_ksads__asd__screen__past_004c__mo,573,384
mh_p/y_ksads__asd__screen__past_004c__yr,573,384
mh_p/y_ksads__asd__screen__past_004d__mo,574,385
mh_p/y_ksads__asd__screen__past_004d__yr,574,385
mh_p/y_ksads__asd__screen__past_004e__mo,575,386
mh_p/y_ksads__asd__screen__past_004e__yr,575,386
mh_p/y_ksads__asd__screen__past_004f__mo,576,387
mh_p/y_ksads__asd__screen__past_004f__yr,576,387
mh_p/y_ksads__asd__screen__past_004g__mo,577,388
mh_p/y_ksads__asd__screen__past_004g__yr,577,388
su_p/y_ksads__aud__screen_001___1,578,389
su_p/y_ksads__aud__screen_001___10,578,389
su_p/y_ksads__aud__screen_001___11,578,389
su_p/y_ksads__aud__screen_001___12,578,389
su_p/y_ksads__aud__screen_001___2,578,389
su_p/y_ksads__aud__screen_001___3,578,389
su_p/y_ksads__aud__screen_001___4,578,389
su_p/y_ksads__aud__screen_001___5,578,389
su_p/y_ksads__aud__screen_001___6,578,389
su_p/y_ksads__aud__screen_001___7,578,389
su_p/y_ksads__aud__screen_001___8,578,389
su_p/y_ksads__aud__screen_001___9,578,389
su_p/y_ksads__aud__screen_001__txt,578,389
su_p/y_ksads__aud__screen_002___1,579,390
su_p/y_ksads__aud__screen_002___2,579,390
su_p/y_ksads__aud__screen_002___3,579,390
su_p/y_ksads__aud__screen_002___4,579,390
su_p/y_ksads__aud__screen_002___5,579,390
su_p/y_ksads__aud__screen_002___6,579,390
su_p/y_ksads__aud__screen__pres_001,580,391
su_p/y_ksads__aud__screen__past_001,581,392
su_p/y_ksads__aud__screen__pres_002,586,393
su_p/y_ksads__aud__screen__past_002,587,394
su_p/y_ksads__aud__screen__pres_003a__mo,589,395
su_p/y_ksads__aud__screen__pres_003b__mo,591,396
su_p/y_ksads__aud__screen__pres_003c__mo,593,398
su_p/y_ksads__aud__screen__past_003__01__mo,594,399
su_p/y_ksads__aud__screen__past_004__01__mo,595,400
su_p/y_ksads__aud__screen__past_005__01__mo,592,397
su_p/y_ksads__aud__screen__past_003,2115,1773
su_p/y_ksads__aud__screen__past_004,2116,1774
su_p/y_ksads__aud__screen__past_005,2117,1775
mh_p/y_ksads__bpd__screen__pres_001,119,116
mh_p/y_ksads__bpd__screen__past_001,120,117
mh_p/y_ksads__bpd__screen__past_001__01,121,
mh_p/y_ksads__bpd__screen__pres_002,122,118
mh_p/y_ksads__bpd__screen__pres_002__01,123,119
mh_p/y_ksads__bpd__screen__past_002,124,120
mh_p/y_ksads__bpd__screen__past_002__01,125,
mh_p/y_ksads__bpd__screen__pres_003,126,121
mh_p/y_ksads__bpd__screen__past_003,127,122
mh_p/y_ksads__bpd__screen__past_003__01,128,
mh_p/y_ksads__bpd__screen__pres_004,129,
mh_p/y_ksads__bpd__screen__past_004,130,
mh_p/y_ksads__bpd__screen__past_004__01,131,
mh_p/y_ksads__bpd__screen__pres_005a__mo,132,123
mh_p/y_ksads__bpd__screen__pres_005o__mo,146,
mh_p/y_ksads__bpd__screen__pres_005o__yr,146,
mh_p/y_ksads__bpd__screen__pres_005b__mo,133,124
mh_p/y_ksads__bpd__screen__pres_005c__mo,134,125
mh_p/y_ksads__bpd__screen__pres_005h__mo,135,
mh_p/y_ksads__bpd__screen__pres_005h__yr,135,
mh_p/y_ksads__bpd__screen__pres_005d__mo,136,126
mh_p/y_ksads__bpd__screen__pres_005e__mo,137,127
mh_p/y_ksads__bpd__screen__pres_005i__mo,138,
mh_p/y_ksads__bpd__screen__pres_005i__yr,138,
mh_p/y_ksads__bpd__screen__pres_005f__mo,139,128
mh_p/y_ksads__bpd__screen__pres_005j__mo,140,
mh_p/y_ksads__bpd__screen__pres_005j__yr,140,
mh_p/y_ksads__bpd__screen__pres_005k__mo,141,
mh_p/y_ksads__bpd__screen__pres_005k__yr,141,
mh_p/y_ksads__bpd__screen__pres_005g__mo,142,129
mh_p/y_ksads__bpd__screen__pres_005l__mo,143,
mh_p/y_ksads__bpd__screen__pres_005l__yr,143,
mh_p/y_ksads__bpd__screen__pres_005m__mo,144,
mh_p/y_ksads__bpd__screen__pres_005m__yr,144,
mh_p/y_ksads__bpd__screen__pres_005n__mo,145,
mh_p/y_ksads__bpd__screen__pres_005n__yr,145,
mh_p/y_ksads__bpd__screen__past_005a__mo,147,
mh_p/y_ksads__bpd__screen__past_005a__yr,147,
mh_p/y_ksads__bpd__screen__past_005b__mo,161,
mh_p/y_ksads__bpd__screen__past_005b__yr,161,
mh_p/y_ksads__bpd__screen__past_005c__mo,148,
mh_p/y_ksads__bpd__screen__past_005c__yr,148,
mh_p/y_ksads__bpd__screen__past_005d__mo,149,
mh_p/y_ksads__bpd__screen__past_005d__yr,149,
mh_p/y_ksads__bpd__screen__past_005e__mo,150,
mh_p/y_ksads__bpd__screen__past_005e__yr,150,
mh_p/y_ksads__bpd__screen__past_005f__mo,151,
mh_p/y_ksads__bpd__screen__past_005f__yr,151,
mh_p/y_ksads__bpd__screen__past_005g__mo,152,
mh_p/y_ksads__bpd__screen__past_005g__yr,152,
mh_p/y_ksads__bpd__screen__past_005h__mo,153,
mh_p/y_ksads__bpd__screen__past_005h__yr,153,
mh_p/y_ksads__bpd__screen__past_005i__mo,154,
mh_p/y_ksads__bpd__screen__past_005i__yr,154,
mh_p/y_ksads__bpd__screen__past_005j__mo,155,
mh_p/y_ksads__bpd__screen__past_005j__yr,155,
mh_p/y_ksads__bpd__screen__past_005k__mo,156,
mh_p/y_ksads__bpd__screen__past_005k__yr,156,
mh_p/y_ksads__bpd__screen__past_005l__mo,157,
mh_p/y_ksads__bpd__screen__past_005l__yr,157,
mh_p/y_ksads__bpd__screen__past_005m__mo,158,
mh_p/y_ksads__bpd__screen__past_005m__yr,158,
mh_p/y_ksads__bpd__screen__past_005n__mo,159,
mh_p/y_ksads__bpd__screen__past_005n__yr,159,
mh_p/y_ksads__bpd__screen__past_005o__mo,160,
mh_p/y_ksads__bpd__screen__past_005o__yr,160,
mh_p/y_ksads__bpd__screen__past_005__01__day,162,
mh_p/y_ksads__bpd__screen__past_005__01__mo,162,
mh_p/y_ksads__bpd__screen__past_005__01__wk,162,
su_p/y_ksads__dud__screen_,603,401
su_p/y_ksads__dud__screen_001___1,604,402
su_p/y_ksads__dud__screen_001___2,605,403
su_p/y_ksads__dud__screen_001___3,606,404
su_p/y_ksads__dud__screen_001___4,607,405
su_p/y_ksads__dud__screen_001___5,608,406
su_p/y_ksads__dud__screen_001___6,609,407
su_p/y_ksads__dud__screen_001___7,610,408
su_p/y_ksads__dud__screen_001___8,611,409
su_p/y_ksads__dud__screen_001___9,612,410
su_p/y_ksads__dud__screen__pres_,613,411
su_p/y_ksads__dud__screen_002___1,614,412
su_p/y_ksads__dud__screen_002___2,615,413
su_p/y_ksads__dud__screen_002___3,616,414
su_p/y_ksads__dud__screen_002___4,617,415
su_p/y_ksads__dud__screen_002___5,618,416
su_p/y_ksads__dud__screen_002___6,619,417
su_p/y_ksads__dud__screen_002___7,620,418
su_p/y_ksads__dud__screen_002___8,621,419
su_p/y_ksads__dud__screen_002___9,622,420
su_p/y_ksads__dud__screen__pres_,623,421
su_p/y_ksads__dud__screen__pres_001___1,624,422
su_p/y_ksads__dud__screen__pres_001___2,625,423
su_p/y_ksads__dud__screen__pres_001___3,626,424
su_p/y_ksads__dud__screen__pres_001___4,627,425
su_p/y_ksads__dud__screen__pres_001___5,628,426
su_p/y_ksads__dud__screen__pres_001___6,629,427
su_p/y_ksads__dud__screen__pres_001___7,630,428
su_p/y_ksads__dud__screen__pres_001___8,631,429
su_p/y_ksads__dud__screen__pres_001___9,632,430
su_p/y_ksads__dud__screen__past_,633,431
su_p/y_ksads__dud__screen__past_001___1,634,432
su_p/y_ksads__dud__screen__past_001___2,635,433
su_p/y_ksads__dud__screen__past_001___3,636,434
su_p/y_ksads__dud__screen__past_001___4,637,435
su_p/y_ksads__dud__screen__past_001___5,638,436
su_p/y_ksads__dud__screen__past_001___6,639,437
su_p/y_ksads__dud__screen__past_001___7,640,438
su_p/y_ksads__dud__screen__past_001___8,641,439
su_p/y_ksads__dud__screen__past_001___9,642,440
su_p/y_ksads__dud__screen__pres_,643,441
su_p/y_ksads__dud__screen__pres_002___1,644,442
su_p/y_ksads__dud__screen__pres_002___2,645,443
su_p/y_ksads__dud__screen__pres_002___3,646,444
su_p/y_ksads__dud__screen__pres_002___4,647,445
su_p/y_ksads__dud__screen__pres_002___5,648,446
su_p/y_ksads__dud__screen__pres_002___6,649,447
su_p/y_ksads__dud__screen__pres_002___7,650,448
su_p/y_ksads__dud__screen__pres_002___8,651,449
su_p/y_ksads__dud__screen__pres_002___9,652,450
su_p/y_ksads__dud__screen__past_,653,451
su_p/y_ksads__dud__screen__past_002___1,654,452
su_p/y_ksads__dud__screen__past_002___2,655,453
su_p/y_ksads__dud__screen__past_002___3,656,454
su_p/y_ksads__dud__screen__past_002___4,657,455
su_p/y_ksads__dud__screen__past_002___5,658,456
su_p/y_ksads__dud__screen__past_002___6,659,457
su_p/y_ksads__dud__screen__past_002___7,660,458
su_p/y_ksads__dud__screen__past_002___8,661,459
su_p/y_ksads__dud__screen__past_002___9,662,460
su_p/y_ksads__dud__screen__past_003___1,664,
su_p/y_ksads__dud__screen__past_003___2,665,
su_p/y_ksads__dud__screen__past_003___3,666,
su_p/y_ksads__dud__screen__past_003___4,667,
su_p/y_ksads__dud__screen__past_003___5,668,
su_p/y_ksads__dud__screen__past_003___6,669,
su_p/y_ksads__dud__screen__past_003___7,670,
su_p/y_ksads__dud__screen__past_003___8,671,
su_p/y_ksads__dud__screen__past_003___10,672,
su_p/y_ksads__dud__screen__pres_,673,461
su_p/y_ksads__dud__screen__pres_003___1,674,462
su_p/y_ksads__dud__screen__pres_003___2,675,463
su_p/y_ksads__dud__screen__pres_003___3,676,464
su_p/y_ksads__dud__screen__pres_003___4,677,465
su_p/y_ksads__dud__screen__pres_003___5,678,466
su_p/y_ksads__dud__screen__pres_003___6,679,467
su_p/y_ksads__dud__screen__pres_003___7,680,468
su_p/y_ksads__dud__screen__pres_003___8,681,469
su_p/y_ksads__dud__screen__pres_003___9,682,470
su_p/y_ksads__dud__screen__past_,683,471
su_p/y_ksads__dud__screen__past_004___1,684,472
su_p/y_ksads__dud__screen__past_004___2,685,473
su_p/y_ksads__dud__screen__past_004___3,686,474
su_p/y_ksads__dud__screen__past_004___4,687,475
su_p/y_ksads__dud__screen__past_004___5,688,476
su_p/y_ksads__dud__screen__past_004___6,689,477
su_p/y_ksads__dud__screen__past_004___7,690,478
su_p/y_ksads__dud__screen__past_004___8,691,479
su_p/y_ksads__dud__screen__past_004___9,692,480
su_p/y_ksads__dud__screen__past_005__01__mo,694,
su_p/y_ksads__dud__screen__past_005__01__yr,694,
su_p/y_ksads__dud__screen__past_005__02__mo,695,
su_p/y_ksads__dud__screen__past_005__02__yr,695,
su_p/y_ksads__dud__screen__past_005__03__mo,696,
su_p/y_ksads__dud__screen__past_005__03__yr,696,
su_p/y_ksads__dud__screen__past_005__04__mo,697,
su_p/y_ksads__dud__screen__past_005__04__yr,697,
su_p/y_ksads__dud__screen__past_005__05__mo,698,
su_p/y_ksads__dud__screen__past_005__05__yr,698,
su_p/y_ksads__dud__screen__past_005__06__mo,699,
su_p/y_ksads__dud__screen__past_005__06__yr,699,
su_p/y_ksads__dud__screen__past_005__07__mo,700,
su_p/y_ksads__dud__screen__past_005__07__yr,700,
su_p/y_ksads__dud__screen__past_005__08__mo,701,
su_p/y_ksads__dud__screen__past_005__08__yr,701,
su_p/y_ksads__dud__screen__past_005__09__mo,702,
su_p/y_ksads__dud__screen__past_005__09__yr,702,
su_p/y_ksads__dud__screen__pres_007__mo,703,
su_p/y_ksads__dud__screen__pres_007__yr,703,
su_p/y_ksads__dud__screen__pres_007__01__mo,704,
su_p/y_ksads__dud__screen__pres_007__01__yr,704,
su_p/y_ksads__dud__screen__pres_007__02__mo,705,
su_p/y_ksads__dud__screen__pres_007__02__yr,705,
su_p/y_ksads__dud__screen__pres_007__03__mo,706,
su_p/y_ksads__dud__screen__pres_007__03__yr,706,
su_p/y_ksads__dud__screen__pres_007__04__mo,707,
su_p/y_ksads__dud__screen__pres_007__04__yr,707,
su_p/y_ksads__dud__screen__pres_007__05__mo,708,
su_p/y_ksads__dud__screen__pres_007__05__yr,708,
su_p/y_ksads__dud__screen__pres_007__06__mo,709,
su_p/y_ksads__dud__screen__pres_007__06__yr,709,
su_p/y_ksads__dud__screen__pres_007__07__mo,710,
su_p/y_ksads__dud__screen__pres_007__07__yr,710,
su_p/y_ksads__dud__screen__pres_007__08__mo,711,
su_p/y_ksads__dud__screen__pres_007__08__yr,711,
su_p/y_ksads__dud__screen__pres_007__10__mo,712,
su_p/y_ksads__dud__screen__pres_007__10__yr,712,
su_p/y_ksads__dud__screen__pres_005__mo,713,491
su_p/y_ksads__dud__screen__pres_005__yr,713,491
su_p/y_ksads__dud__screen__pres_005__01__arg__mo,714,492
su_p/y_ksads__dud__screen__pres_005__01__arg__yr,714,492
su_p/y_ksads__dud__screen__pres_005__01__grog__mo,714,492
su_p/y_ksads__dud__screen__pres_005__01__grog__yr,714,492
su_p/y_ksads__dud__screen__pres_005__01__use5__yr,714,492
su_p/y_ksads__dud__screen__pres_005__02__arg__mo,715,493
su_p/y_ksads__dud__screen__pres_005__02__arg__yr,715,493
su_p/y_ksads__dud__screen__pres_005__02__grog__mo,715,493
su_p/y_ksads__dud__screen__pres_005__02__grog__yr,715,493
su_p/y_ksads__dud__screen__pres_005__02__use5__yr,715,493
su_p/y_ksads__dud__screen__pres_005__03__arg__mo,716,494
su_p/y_ksads__dud__screen__pres_005__03__arg__yr,716,494
su_p/y_ksads__dud__screen__pres_005__03__grog__mo,716,494
su_p/y_ksads__dud__screen__pres_005__03__grog__yr,716,494
su_p/y_ksads__dud__screen__pres_005__03__use5__yr,716,494
su_p/y_ksads__dud__screen__pres_005__04__arg__mo,717,495
su_p/y_ksads__dud__screen__pres_005__04__arg__yr,717,495
su_p/y_ksads__dud__screen__pres_005__04__grog__mo,717,495
su_p/y_ksads__dud__screen__pres_005__04__grog__yr,717,495
su_p/y_ksads__dud__screen__pres_005__04__use5__yr,717,495
su_p/y_ksads__dud__screen__pres_005__05__arg__mo,718,496
su_p/y_ksads__dud__screen__pres_005__05__arg__yr,718,496
su_p/y_ksads__dud__screen__pres_005__05__grog__mo,718,496
su_p/y_ksads__dud__screen__pres_005__05__grog__yr,718,496
su_p/y_ksads__dud__screen__pres_005__05__use5__yr,718,496
su_p/y_ksads__dud__screen__pres_005__06__arg__mo,719,497
su_p/y_ksads__dud__screen__pres_005__06__arg__yr,719,497
su_p/y_ksads__dud__screen__pres_005__06__grog__mo,719,497
su_p/y_ksads__dud__screen__pres_005__06__grog__yr,719,497
su_p/y_ksads__dud__screen__pres_005__06__use5__yr,719,497
su_p/y_ksads__dud__screen__pres_005__07__arg__mo,720,498
su_p/y_ksads__dud__screen__pres_005__07__arg__yr,720,498
su_p/y_ksads__dud__screen__pres_005__07__grog__mo,720,498
su_p/y_ksads__dud__screen__pres_005__07__grog__yr,720,498
su_p/y_ksads__dud__screen__pres_005__07__use5__yr,720,498
su_p/y_ksads__dud__screen__pres_005__08__arg__mo,721,499
su_p/y_ksads__dud__screen__pres_005__08__arg__yr,721,499
su_p/y_ksads__dud__screen__pres_005__08__grog__mo,721,499
su_p/y_ksads__dud__screen__pres_005__08__grog__yr,721,499
su_p/y_ksads__dud__screen__pres_005__08__use5__yr,721,499
su_p/y_ksads__dud__screen__pres_005__10__arg__mo,722,500
su_p/y_ksads__dud__screen__pres_005__10__arg__yr,722,500
su_p/y_ksads__dud__screen__pres_005__10__grog__mo,722,500
su_p/y_ksads__dud__screen__pres_005__10__grog__yr,722,500
su_p/y_ksads__dud__screen__pres_005__10__use5__yr,722,500
mh_p/y_ksads__ptsd__screen_,753,501
mh_p/y_ksads__ptsd__screen_001___1,754,502
mh_p/y_ksads__ptsd__screen_001___2,755,503
mh_p/y_ksads__ptsd__screen_001___3,756,504
mh_p/y_ksads__ptsd__screen_001___4,757,505
mh_p/y_ksads__ptsd__screen_001___5,758,506
mh_p/y_ksads__ptsd__screen_001___6,759,507
mh_p/y_ksads__ptsd__screen_001___7,760,508
mh_p/y_ksads__ptsd__screen_001___8,761,509
mh_p/y_ksads__ptsd__screen_001___9,762,
mh_p/y_ksads__ptsd__screen_001___10,763,511
mh_p/y_ksads__ptsd__screen_001___11,764,
mh_p/y_ksads__ptsd__screen_001___12,765,
mh_p/y_ksads__ptsd__screen_001___13,766,514
mh_p/y_ksads__ptsd__screen_001___14,767,
mh_p/y_ksads__ptsd__screen_001___15,768,
mh_p/y_ksads__ptsd__screen_001___16,769,517
mh_p/y_ksads__ptsd__screen_001___17,770,518
mh_p/y_ksads__ptsd__screen_001___18,771,1910
mh_p/y_ksads__ptsd__screen_,772,520
mh_p/y_ksads__ptsd__screen_001__01__mo,773,521
mh_p/y_ksads__ptsd__screen_001__01__yr,773,521
mh_p/y_ksads__ptsd__screen_001__02__mo,774,522
mh_p/y_ksads__ptsd__screen_001__02__yr,774,522
mh_p/y_ksads__ptsd__screen_001__03__mo,775,523
mh_p/y_ksads__ptsd__screen_001__03__yr,775,523
mh_p/y_ksads__ptsd__screen_001__04__mo,776,524
mh_p/y_ksads__ptsd__screen_001__04__yr,776,524
mh_p/y_ksads__ptsd__screen_001__05__mo,777,525
mh_p/y_ksads__ptsd__screen_001__05__yr,777,525
mh_p/y_ksads__ptsd__screen_001__06__mo,778,526
mh_p/y_ksads__ptsd__screen_001__06__yr,778,526
mh_p/y_ksads__ptsd__screen_001__07__mo,779,527
mh_p/y_ksads__ptsd__screen_001__07__yr,779,527
mh_p/y_ksads__ptsd__screen_001__08__mo,780,528
mh_p/y_ksads__ptsd__screen_001__08__yr,780,528
mh_p/y_ksads__ptsd__screen_001__09__mo,781,
mh_p/y_ksads__ptsd__screen_001__09__yr,781,
mh_p/y_ksads__ptsd__screen_001__10__mo,782,530
mh_p/y_ksads__ptsd__screen_001__10__yr,782,530
mh_p/y_ksads__ptsd__screen_001__11__mo,783,
mh_p/y_ksads__ptsd__screen_001__11__yr,783,
mh_p/y_ksads__ptsd__screen_001__12__mo,784,
mh_p/y_ksads__ptsd__screen_001__12__yr,784,
mh_p/y_ksads__ptsd__screen_001__13__mo,785,533
mh_p/y_ksads__ptsd__screen_001__13__yr,785,533
mh_p/y_ksads__ptsd__screen_001__14__mo,786,
mh_p/y_ksads__ptsd__screen_001__14__yr,786,
mh_p/y_ksads__ptsd__screen_001__15__mo,787,
mh_p/y_ksads__ptsd__screen_001__15__yr,787,
mh_p/y_ksads__ptsd__screen_001__16__mo,788,536
mh_p/y_ksads__ptsd__screen_001__16__yr,788,536
mh_p/y_ksads__ptsd__screen_001__17__mo,789,537
mh_p/y_ksads__ptsd__screen_001__17__yr,789,537
mh_p/y_ksads__ptsd__screen_001__20__mo,790,
mh_p/y_ksads__ptsd__screen_001__20__yr,790,
mh_p/y_ksads__ptsd__screen__pres_001,791,539
mh_p/y_ksads__ptsd__screen__past_001,792,540
mh_p/y_ksads__ptsd__screen__past_001__01,793,
mh_p/y_ksads__ptsd__screen__pres_002,794,541
mh_p/y_ksads__ptsd__screen__past_002,795,542
mh_p/y_ksads__ptsd__screen__past_002__01,796,
mh_p/y_ksads__ptsd__screen__pres_003,797,543
mh_p/y_ksads__ptsd__screen__past_003,798,544
mh_p/y_ksads__ptsd__screen__past_003__01,799,
mh_p/y_ksads__ptsd__screen__pres_004a__mo,800,545
mh_p/y_ksads__ptsd__screen__pres_004a__yr,800,545
mh_p/y_ksads__ptsd__screen__pres_004b__mo,801,546
mh_p/y_ksads__ptsd__screen__pres_004b__yr,801,546
mh_p/y_ksads__ptsd__screen__pres_004c__mo,802,547
mh_p/y_ksads__ptsd__screen__pres_004c__yr,802,547
mh_p/y_ksads__ptsd__screen__pres_004d__mo,803,548
mh_p/y_ksads__ptsd__screen__pres_004d__yr,803,548
mh_p/y_ksads__ptsd__screen__pres_004e__mo,804,549
mh_p/y_ksads__ptsd__screen__pres_004e__yr,804,549
mh_p/y_ksads__ptsd__screen__pres_004f__mo,805,550
mh_p/y_ksads__ptsd__screen__pres_004f__yr,805,550
mh_p/y_ksads__ptsd__screen__pres_004g__mo,806,551
mh_p/y_ksads__ptsd__screen__pres_004g__yr,806,551
mh_p/y_ksads__ptsd__screen__past_004a__mo,807,
mh_p/y_ksads__ptsd__screen__past_004a__yr,807,
mh_p/y_ksads__ptsd__screen__past_004b__mo,808,
mh_p/y_ksads__ptsd__screen__past_004b__yr,808,
mh_p/y_ksads__ptsd__screen__past_004c__mo,809,
mh_p/y_ksads__ptsd__screen__past_004c__yr,809,
mh_p/y_ksads__ptsd__screen__past_004d__mo,810,
mh_p/y_ksads__ptsd__screen__past_004d__yr,810,
mh_p/y_ksads__ptsd__screen__past_004e__mo,811,
mh_p/y_ksads__ptsd__screen__past_004e__yr,811,
mh_p/y_ksads__ptsd__screen__past_004f__mo,812,
mh_p/y_ksads__ptsd__screen__past_004f__yr,812,
mh_p/y_ksads__ptsd__screen__past_004g__mo,813,
mh_p/y_ksads__ptsd__screen__past_004g__yr,813,
mh_p/y_ksads__sleep__screen__pres_001,814,552
mh_p/y_ksads__sleep__screen__pres_001__01__mo,815,553
mh_p/y_ksads__sleep__screen__pres_001__01__yr,815,553
mh_p/y_ksads__sleep__screen__past_001,816,554
mh_p/y_ksads__sleep__screen__past_001__01,817,
mh_p/y_ksads__sleep__screen__past_001__01__mo,818,555
mh_p/y_ksads__sleep__screen__past_001__01__yr,818,555
mh_p/y_ksads__suic__screen__pres_001,819,556
mh_p/y_ksads__suic__screen__past_001,820,557
mh_p/y_ksads__suic__screen__past_001__01,821,558
mh_p/y_ksads__suic__screen__past_001__02__mo,822,559
mh_p/y_ksads__suic__screen__past_001__02__yr,822,559
mh_p/y_ksads__suic__screen__pres_002,823,560
mh_p/y_ksads__suic__screen__past_002,824,561
mh_p/y_ksads__suic__screen__past_002__01,825,562
mh_p/y_ksads__suic__screen__past_002__02__mo,826,563
mh_p/y_ksads__suic__screen__past_002__02__yr,826,563
mh_p/y_ksads__suic__screen__pres_003,827,564
mh_p/y_ksads__suic__screen__past_003,828,565
mh_p/y_ksads__suic__screen__past_003__01,829,566
mh_p/y_ksads__suic__screen__pres_004,830,567
mh_p/y_ksads__suic__screen__pres_,831,568
mh_p/y_ksads__suic__screen__past_004,832,569
mh_p/y_ksads__suic__screen__past_004__01,833,570
mh_p/y_ksads__suic__screen__past_,834,571
mh_p/y_ksads__hom__screen__pres_001,835,572
mh_p/y_ksads__hom__screen__past_001,836,573
mh_p/y_ksads__hom__screen__past_001__01,837,574
mh_p/y_ksads__hom__screen__pres_002,838,575
mh_p/y_ksads__hom__screen__past_002,839,576
mh_p/y_ksads__hom__screen__past_002__01,840,577
mh_p/y_ksads__hom__screen__past_001__02__mo,841,578
mh_p/y_ksads__hom__screen__past_001__02__yr,841,578
mh_p/y_ksads__hom__screen__past_002__02__mo,842,579
mh_p/y_ksads__hom__screen__past_002__02__yr,842,579
mh_p/y_ksads__psych__screen__pres_001,163,
mh_p/y_ksads__psych__screen__past_001,164,
mh_p/y_ksads__psych__screen__past_001__01,165,
mh_p/y_ksads__psych__screen__pres_003,166,134
mh_p/y_ksads__psych__screen__pres_003__03,167,135
mh_p/y_ksads__psych__screen__past_003,168,136
mh_p/y_ksads__psych__screen__past_003__02__mo,168,136
mh_p/y_ksads__psych__screen__past_003__02__yr,168,136
mh_p/y_ksads__psych__screen__past_003__01,169,
mh_p/y_ksads__psych__screen__pres_004a__mo,170,
mh_p/y_ksads__psych__screen__pres_004a__yr,170,
mh_p/y_ksads__psych__screen__pres_004b__mo,171,
mh_p/y_ksads__psych__screen__pres_004b__yr,171,
mh_p/y_ksads__psych__screen__pres_004c__mo,172,
mh_p/y_ksads__psych__screen__pres_004c__yr,172,
mh_p/y_ksads__psych__screen__past_004a__mo,173,
mh_p/y_ksads__psych__screen__past_004a__yr,173,
mh_p/y_ksads__psych__screen__past_004b__mo,174,
mh_p/y_ksads__psych__screen__past_004b__yr,174,
mh_p/y_ksads__psych__screen__past_004c__mo,175,
mh_p/y_ksads__psych__screen__past_004c__yr,175,
mh_p/y_ksads__panic__screen__pres_001,176,141
mh_p/y_ksads__panic__screen__pres_001__01__mo,177,142
mh_p/y_ksads__panic__screen__pres_001__01__yr,177,142
mh_p/y_ksads__panic__screen__past_001,178,143
mh_p/y_ksads__panic__screen__past_001__02,179,
mh_p/y_ksads__panic__screen__past_001__01__mo,180,144
mh_p/y_ksads__panic__screen__past_001__01__yr,180,144
mh_p/y_ksads__agor__screen__pres_001,181,145
mh_p/y_ksads__agor__screen__pres_001__01,182,146
mh_p/y_ksads__agor__screen__pres_001__02,183,147
mh_p/y_ksads__agor__screen__pres_001__03,184,148
mh_p/y_ksads__agor__screen__pres_001__04,185,149
mh_p/y_ksads__agor__screen__pres_001__05,186,150
mh_p/y_ksads__agor__screen__pres_001__06,187,151
mh_p/y_ksads__agor__screen__pres_001__07,188,152
mh_p/y_ksads__agor__screen__pres_001__08,189,153
mh_p/y_ksads__agor__screen__pres_001__09,190,154
mh_p/y_ksads__agor__screen__pres_001__10,191,155
mh_p/y_ksads__agor__screen__pres_001__11,192,156
mh_p/y_ksads__agor__screen__pres_001__12__mo,193,157
mh_p/y_ksads__agor__screen__pres_001__12__yr,193,157
mh_p/y_ksads__agor__screen__past_001,194,158
mh_p/y_ksads__agor__screen__past_001__01,195,
mh_p/y_ksads__agor__screen__past_001__02__mo,196,159
mh_p/y_ksads__agor__screen__past_001__02__yr,196,159
mh_p/y_ksads__sepanx__screen__pres_001,197,160
mh_p/y_ksads__sepanx__screen__past_001,198,161
mh_p/y_ksads__sepanx__screen__past_001__01,199,
mh_p/y_ksads__sepanx__screen__pres_002,200,162
mh_p/y_ksads__sepanx__screen__past_002,201,163
mh_p/y_ksads__sepanx__screen__past_002__01,202,
mh_p/y_ksads__sepanx__screen__pres_003a__mo,203,
mh_p/y_ksads__sepanx__screen__pres_003a__yr,203,
mh_p/y_ksads__sepanx__screen__pres_003b__mo,204,
mh_p/y_ksads__sepanx__screen__pres_003b__yr,204,
mh_p/y_ksads__sepanx__screen__pres_003c__mo,205,
mh_p/y_ksads__sepanx__screen__pres_003c__yr,205,
mh_p/y_ksads__sepanx__screen__past_003a__mo,206,164
mh_p/y_ksads__sepanx__screen__past_003a__yr,206,164
mh_p/y_ksads__sepanx__screen__past_003b__mo,207,165
mh_p/y_ksads__sepanx__screen__past_003b__yr,207,165
mh_p/y_ksads__sepanx__screen__past_003c__mo,208,166
mh_p/y_ksads__sepanx__screen__past_003c__yr,208,166
mh_p/y_ksads__socanx__screen__pres_001,209,167
mh_p/y_ksads__socanx__screen__pres_001__01__mo,210,168
mh_p/y_ksads__socanx__screen__pres_001__01__yr,210,168
mh_p/y_ksads__socanx__screen__past_001,211,169
mh_p/y_ksads__socanx__screen__past_001__02,212,
mh_p/y_ksads__socanx__screen__past_001__01__mo,213,170
mh_p/y_ksads__socanx__screen__past_001__01__yr,213,170
mh_p/y_ksads__phobia__screen__pres_,219,175
mh_p/y_ksads__phobia__screen__pres_001___1,220,176
mh_p/y_ksads__phobia__screen__pres_001___2,221,177
mh_p/y_ksads__phobia__screen__pres_001___3,222,178
mh_p/y_ksads__phobia__screen__pres_001___4,223,179
mh_p/y_ksads__phobia__screen__pres_001___5,224,180
mh_p/y_ksads__phobia__screen__pres_001___6,225,181
mh_p/y_ksads__phobia__screen__pres_001___7,226,182
mh_p/y_ksads__phobia__screen__pres_001___8,227,183
mh_p/y_ksads__phobia__screen__pres_001___9,228,184
mh_p/y_ksads__phobia__screen__pres_001___10,229,185
mh_p/y_ksads__phobia__screen__past_,240,
mh_p/y_ksads__phobia__screen__past_001___1,241,
mh_p/y_ksads__phobia__screen__past_001___2,242,
mh_p/y_ksads__phobia__screen__past_001___3,243,
mh_p/y_ksads__phobia__screen__past_001___4,244,
mh_p/y_ksads__phobia__screen__past_001___5,245,
mh_p/y_ksads__phobia__screen__past_001___6,246,
mh_p/y_ksads__phobia__screen__past_001___7,247,
mh_p/y_ksads__phobia__screen__past_001___8,248,
mh_p/y_ksads__phobia__screen__past_001___9,249,
mh_p/y_ksads__phobia__screen__past_,250,
mh_p/y_ksads__phobia__screen__past_001__01___1,251,
mh_p/y_ksads__phobia__screen__past_001__01___2,252,
mh_p/y_ksads__phobia__screen__past_001__01___3,253,
mh_p/y_ksads__phobia__screen__past_001__01___4,254,
mh_p/y_ksads__phobia__screen__past_001__01___5,255,
mh_p/y_ksads__phobia__screen__past_001__01___6,256,
mh_p/y_ksads__phobia__screen__past_001__01___7,257,
mh_p/y_ksads__phobia__screen__past_001__01___8,258,
mh_p/y_ksads__phobia__screen__past_001__01___9,259,
mh_p/y_ksads__phobia__screen__pres_002,230,186
mh_p/y_ksads__phobia__screen__past_002,260,196
mh_p/y_ksads__phobia__screen__pres_,231,187
mh_p/y_ksads__phobia__screen__pres_003___1,232,188
mh_p/y_ksads__phobia__screen__pres_003___2,233,189
mh_p/y_ksads__phobia__screen__pres_003___3,234,190
mh_p/y_ksads__phobia__screen__pres_003___4,235,191
mh_p/y_ksads__phobia__screen__pres_003___5,236,192
mh_p/y_ksads__phobia__screen__pres_003___6,237,193
mh_p/y_ksads__phobia__screen__past_,261,
mh_p/y_ksads__phobia__screen__past_003___1,262,
mh_p/y_ksads__phobia__screen__past_003___2,263,
mh_p/y_ksads__phobia__screen__past_003___3,264,
mh_p/y_ksads__phobia__screen__past_003___4,265,
mh_p/y_ksads__phobia__screen__past_003___5,266,
mh_p/y_ksads__phobia__screen__past_003___6,267,
mh_p/y_ksads__phobia__screen__pres_004,238,194
mh_p/y_ksads__phobia__screen__past_004,268,
mh_p/y_ksads__phobia__screen__pres_005__mo,239,195
mh_p/y_ksads__phobia__screen__pres_005__yr,239,195
mh_p/y_ksads__phobia__screen__past_005__mo,269,197
mh_p/y_ksads__phobia__screen__past_005__yr,269,197
mh_p/y_ksads__phobia__screen__past_005__01__mo,270,
mh_p/y_ksads__phobia__screen__past_005__01__wk,270,
mh_p/y_ksads__phobia__screen__past_005__01__yr,270,
mh_p/y_ksads__dep__pres_006,856,592
mh_p/y_ksads__dep__past_006,857,593
mh_p/y_ksads__dep__pres_007,858,594
mh_p/y_ksads__dep__past_007,859,595
mh_p/y_ksads__dep__pres_008,860,596
mh_p/y_ksads__dep__past_008,861,597
mh_p/y_ksads__dep__pres_009,862,598
mh_p/y_ksads__dep__pres_009__01,863,599
mh_p/y_ksads__dep__past_009,864,600
mh_p/y_ksads__dep__past_009__02,865,601
mh_p/y_ksads__dep__pres_010,866,602
mh_p/y_ksads__dep__past_010,867,603
mh_p/y_ksads__dep__pres_011,868,604
mh_p/y_ksads__dep__past_011,869,605
mh_p/y_ksads__dep__pres_013,870,606
mh_p/y_ksads__dep__pres_012,871,607
mh_p/y_ksads__dep__pres_,873,609
mh_p/y_ksads__dep__pres_015___1,874,610
mh_p/y_ksads__dep__pres_015___2,875,611
mh_p/y_ksads__dep__pres_015___3,876,612
mh_p/y_ksads__dep__pres_015___4,877,613
mh_p/y_ksads__dep__pres_015___5,878,614
mh_p/y_ksads__dep__pres_015___6,879,615
mh_p/y_ksads__dep__past_015__mo,880,616
mh_p/y_ksads__dep__past_015__yr,880,616
mh_p/y_ksads__dep__past_016___1,881,
mh_p/y_ksads__dep__past_016___2,882,
mh_p/y_ksads__dep__past_016___3,883,
mh_p/y_ksads__dep__past_016___4,884,
mh_p/y_ksads__dep__past_016___5,885,
mh_p/y_ksads__dep__past_016___6,886,
mh_p/y_ksads__dep__pres_,887,1805
mh_p/y_ksads__dep__pres_016,888,
mh_p/y_ksads__dep__pres_017,889,
mh_p/y_ksads__dep__pres_018,890,
mh_p/y_ksads__dep__pres_019,891,
mh_p/y_ksads__dep__pres_020,892,1822
mh_p/y_ksads__dep__pres_021,893,
mh_p/y_ksads__dep__pres_022,894,
mh_p/y_ksads__dep__pres_023,895,1823
mh_p/y_ksads__dep__pres_024,896,
mh_p/y_ksads__dep__pres_025,897,1818
mh_p/y_ksads__dep__pres_026,898,1819
mh_p/y_ksads__dep__pres_027,2144,
mh_p/y_ksads__dep__past_,899,
mh_p/y_ksads__dep__past_017,900,
mh_p/y_ksads__dep__past_018,901,
mh_p/y_ksads__dep__past_019,902,
mh_p/y_ksads__dep__past_020,903,
mh_p/y_ksads__dep__past_021,904,
mh_p/y_ksads__dep__past_022,905,
mh_p/y_ksads__dep__past_023,906,1821
mh_p/y_ksads__dep__past_024,907,
mh_p/y_ksads__dep__past_025,908,1808
mh_p/y_ksads__dep__past_026,909,
mh_p/y_ksads__dep__past_027,910,
mh_p/y_ksads__dep__past_028,2145,1820
mh_p/y_ksads__dep_001__day,911,
mh_p/y_ksads__dep_001__mo,911,
mh_p/y_ksads__dep_001__wk,911,
mh_p/y_ksads__dep_001__01__day,912,
mh_p/y_ksads__dep_001__01__mo,912,
mh_p/y_ksads__dep_001__01__wk,912,
mh_p/y_ksads__dep__past_014,844,
mh_p/y_ksads__dep__pres_001,845,581
mh_p/y_ksads__dep__past_001,846,582
mh_p/y_ksads__dep__pres_002,847,583
mh_p/y_ksads__dep__past_002,848,584
mh_p/y_ksads__dep__pres_003,849,585
mh_p/y_ksads__dep__pres_003__01,850,586
mh_p/y_ksads__dep__past_003,851,587
mh_p/y_ksads__dep__pres_004,852,588
mh_p/y_ksads__dep__past_004,853,589
mh_p/y_ksads__dep__pres_005,854,590
mh_p/y_ksads__dep__past_005,855,591
mh_p/y_ksads__gad__pres_,1912,1570
mh_p/y_ksads__gad__past_001___1,1913,1571
mh_p/y_ksads__gad__pres_001___1,1913,1571
mh_p/y_ksads__gad__past_001___2,1914,1572
mh_p/y_ksads__gad__pres_001___2,1914,1572
mh_p/y_ksads__gad__past_001___3,1915,1573
mh_p/y_ksads__gad__pres_001___3,1915,1573
mh_p/y_ksads__gad__past_001___4,1916,1574
mh_p/y_ksads__gad__pres_001___4,1916,1574
mh_p/y_ksads__gad__past_001___5,1917,1575
mh_p/y_ksads__gad__pres_001___5,1917,1575
mh_p/y_ksads__gad__past_001___6,1918,1576
mh_p/y_ksads__gad__pres_001___6,1918,1576
mh_p/y_ksads__gad__past_001___7,1919,1577
mh_p/y_ksads__gad__pres_001___7,1919,1577
mh_p/y_ksads__gad__past_,1939,1597
mh_p/y_ksads__gad__past_001__v01___1,1940,1598
mh_p/y_ksads__gad__past_001__v01___2,1941,1599
mh_p/y_ksads__gad__past_001__v01___3,1942,1600
mh_p/y_ksads__gad__past_001__v01___4,1943,1601
mh_p/y_ksads__gad__past_001__v01___5,1944,1602
mh_p/y_ksads__gad__past_001__v01___6,1945,1603
mh_p/y_ksads__gad__past_001__v01___7,1946,1604
mh_p/y_ksads__gad__pres_,1920,1578
mh_p/y_ksads__gad__pres_002,1921,1579
mh_p/y_ksads__gad__pres_003,1922,1580
mh_p/y_ksads__gad__pres_004,1923,1581
mh_p/y_ksads__gad__pres_005,1924,1582
mh_p/y_ksads__gad__pres_006,1925,1583
mh_p/y_ksads__gad__pres_007,1926,1584
mh_p/y_ksads__gad__pres_008,1927,1585
mh_p/y_ksads__gad__pres_009,1928,1586
mh_p/y_ksads__gad__pres_010,1929,1587
mh_p/y_ksads__gad__past_,1947,1605
mh_p/y_ksads__gad__past_002___1,1948,1606
mh_p/y_ksads__gad__past_002___2,1949,1607
mh_p/y_ksads__gad__past_002___3,1950,1608
mh_p/y_ksads__gad__past_002___4,1951,1609
mh_p/y_ksads__gad__past_002___5,1952,1610
mh_p/y_ksads__gad__past_002___6,1953,1611
mh_p/y_ksads__gad__past_002___7,1954,1612
mh_p/y_ksads__gad__past_002___8,1955,1613
mh_p/y_ksads__gad__past_002___9,1956,1614
mh_p/y_ksads__gad__pres_011,1930,1588
mh_p/y_ksads__gad__past_003,1957,1615
mh_p/y_ksads__gad__pres_,1931,1589
mh_p/y_ksads__gad__pres_012___1,1932,1590
mh_p/y_ksads__gad__pres_012___2,1933,1591
mh_p/y_ksads__gad__pres_012___3,1934,1592
mh_p/y_ksads__gad__pres_012___4,1935,1593
mh_p/y_ksads__gad__pres_012___5,1936,1594
mh_p/y_ksads__gad__pres_012___6,1937,1595
mh_p/y_ksads__gad__past_,1958,1616
mh_p/y_ksads__gad__past_004___1,1959,1617
mh_p/y_ksads__gad__past_004___2,1960,1618
mh_p/y_ksads__gad__past_004___3,1961,1619
mh_p/y_ksads__gad__past_004___4,1962,1620
mh_p/y_ksads__gad__past_004___5,1963,1621
mh_p/y_ksads__gad__past_004___6,1964,1622
mh_p/y_ksads__gad__pres_013,1938,1596
mh_p/y_ksads__gad__past_005,1965,1623
mh_p/y_ksads__gad__pres_014__mo,1966,
mh_p/y_ksads__gad__pres_014__wk,1966,
mh_p/y_ksads__gad__pres_014__yr,1966,
mh_p/y_ksads__ocd__pres_,1980,1638
mh_p/y_ksads__ocd__pres_006__02___1,1981,1639
mh_p/y_ksads__ocd__pres_006__02___2,1982,1640
mh_p/y_ksads__ocd__pres_006__02___3,1983,1641
mh_p/y_ksads__ocd__pres_006__02___4,1984,1642
mh_p/y_ksads__ocd__pres_006__02___5,1985,1643
mh_p/y_ksads__ocd__pres_006__02___6,1986,1644
mh_p/y_ksads__ocd__past_,2001,1659
mh_p/y_ksads__ocd__past_008___1,2002,1660
mh_p/y_ksads__ocd__past_008___2,2003,1661
mh_p/y_ksads__ocd__past_008___3,2004,1662
mh_p/y_ksads__ocd__past_008___4,2005,1663
mh_p/y_ksads__ocd__past_008___5,2006,1664
mh_p/y_ksads__ocd__past_008___6,2007,1665
mh_p/y_ksads__ocd__pres_006__03,1987,1645
mh_p/y_ksads__ocd__past_009,2008,
mh_p/y_ksads__ocd__pres_001,1967,1625
mh_p/y_ksads__ocd_,1988,1646
mh_p/y_ksads__ocd__pres_002,1968,1626
mh_p/y_ksads__ocd__past_001,1989,1647
mh_p/y_ksads__ocd__pres_003,1969,1627
mh_p/y_ksads__ocd__past_002,1990,1648
mh_p/y_ksads__ocd__pres_,1970,1628
mh_p/y_ksads__ocd__pres_004___1,1971,1629
mh_p/y_ksads__ocd__pres_004___2,1972,1630
mh_p/y_ksads__ocd__pres_004___3,1973,1631
mh_p/y_ksads__ocd__pres_004___4,1974,1632
mh_p/y_ksads__ocd__pres_004___5,1975,1633
mh_p/y_ksads__ocd__pres_004___6,1976,1634
mh_p/y_ksads__ocd__past_,1991,1649
mh_p/y_ksads__ocd__past_003___1,1992,1650
mh_p/y_ksads__ocd__past_003___2,1993,1651
mh_p/y_ksads__ocd__past_003___3,1994,1652
mh_p/y_ksads__ocd__past_003___4,1995,1653
mh_p/y_ksads__ocd__past_003___5,1996,1654
mh_p/y_ksads__ocd__past_003___6,1997,1655
mh_p/y_ksads__ocd__pres_005,1977,1635
mh_p/y_ksads__ocd__past_004,1998,
mh_p/y_ksads__ocd__pres_006,1978,1636
mh_p/y_ksads__ocd__past_006,1999,
mh_p/y_ksads__ocd__pres_006__01___1,1979,1637
mh_p/y_ksads__ocd__pres_006__01___2,1979,1637
mh_p/y_ksads__ocd__pres_006__01___3,1979,1637
mh_p/y_ksads__ocd__pres_006__01___4,1979,1637
mh_p/y_ksads__ocd__past_007___1,2000,1658
mh_p/y_ksads__ocd__past_007___2,2000,1658
mh_p/y_ksads__ocd__past_007___3,2000,1658
mh_p/y_ksads__ocd__past_007___4,2000,1658
mh_p/y_ksads__ed__pres_,1141,839
mh_p/y_ksads__ed__pres_003__02___1,1142,840
mh_p/y_ksads__ed__pres_003__02___2,1143,841
mh_p/y_ksads__ed__pres_003__02___3,1144,842
mh_p/y_ksads__ed__pres_003__02___4,1145,843
mh_p/y_ksads__ed__pres_003__02___5,1146,844
mh_p/y_ksads__ed__pres_003__02___6,1147,845
mh_p/y_ksads__ed__pres_003__02___7,1148,846
mh_p/y_ksads__ed__past_,1165,863
mh_p/y_ksads__ed__past_003__02___1,1166,864
mh_p/y_ksads__ed__past_003__02___2,1167,865
mh_p/y_ksads__ed__past_003__02___3,1168,866
mh_p/y_ksads__ed__past_003__02___4,1169,867
mh_p/y_ksads__ed__past_003__02___5,1170,868
mh_p/y_ksads__ed__past_003__02___6,1171,869
mh_p/y_ksads__ed__past_003__02___7,1172,870
mh_p/y_ksads__ed__pres_003__03,1149,847
mh_p/y_ksads__ed__past_003__03,1173,871
mh_p/y_ksads__ed__pres_001,1128,826
mh_p/y_ksads__ed__past_001,1150,848
mh_p/y_ksads__ed__pres_,1129,827
mh_p/y_ksads__ed__past_002____1,1130,828
mh_p/y_ksads__ed__pres_002___1,1130,828
mh_p/y_ksads__ed__past_002____2,1131,829
mh_p/y_ksads__ed__pres_002___2,1131,829
mh_p/y_ksads__ed__past_002____3,1132,830
mh_p/y_ksads__ed__pres_002___3,1132,830
mh_p/y_ksads__ed__past_002____4,1133,831
mh_p/y_ksads__ed__pres_002___4,1133,831
mh_p/y_ksads__ed__past_002____5,1134,832
mh_p/y_ksads__ed__pres_002___5,1134,832
mh_p/y_ksads__ed__past_002____6,1135,833
mh_p/y_ksads__ed__pres_002___6,1135,833
mh_p/y_ksads__ed__past_002____7,1136,834
mh_p/y_ksads__ed__pres_002___7,1136,834
mh_p/y_ksads__ed__past_,1151,849
mh_p/y_ksads__ed__past_002__v01___1,1152,850
mh_p/y_ksads__ed__past_002__v01___2,1153,851
mh_p/y_ksads__ed__past_002__v01___3,1154,852
mh_p/y_ksads__ed__past_002__v01___4,1155,853
mh_p/y_ksads__ed__past_002__v01___5,1156,854
mh_p/y_ksads__ed__past_002__v01___6,1157,855
mh_p/y_ksads__ed__past_002__v01___7,1158,856
mh_p/y_ksads__ed__pres_002__01,1137,835
mh_p/y_ksads__ed__pres_002__01__01__mo,1138,836
mh_p/y_ksads__ed__pres_002__01__01__wk,1138,836
mh_p/y_ksads__ed__pres_002__01__01__yr,1138,836
mh_p/y_ksads__ed__past_002__01__v1,1159,857
mh_p/y_ksads__ed__past_002__01__v2,1160,858
mh_p/y_ksads__ed__past_002__02__mo,1161,859
mh_p/y_ksads__ed__past_002__02__wk,1161,859
mh_p/y_ksads__ed__past_002__02__yr,1161,859
mh_p/y_ksads__ed__past_002__02__mo__v1,1162,860
mh_p/y_ksads__ed__past_002__02__wk__v1,1162,860
mh_p/y_ksads__ed__past_002__02__yr__v1,1162,860
mh_p/y_ksads__ed__pres_003,1139,837
mh_p/y_ksads__ed__pres_003__01__mo,1140,838
mh_p/y_ksads__ed__pres_003__01__wk,1140,838
mh_p/y_ksads__ed__pres_003__01__yr,1140,838
mh_p/y_ksads__ed__past_003,1163,
mh_p/y_ksads__ed__past_003__01__mo,1164,
mh_p/y_ksads__ed__past_003__01__wk,1164,
mh_p/y_ksads__ed__past_003__01__yr,1164,
mh_p/y_ksads__adhd__pres_006,979,683
mh_p/y_ksads__adhd__past_006,1001,705
mh_p/y_ksads__adhd__pres_007,980,684
mh_p/y_ksads__adhd__past_007,1002,706
mh_p/y_ksads__adhd__pres_008,981,685
mh_p/y_ksads__adhd__past_008,1003,707
mh_p/y_ksads__adhd__pres_009,982,686
mh_p/y_ksads__adhd__past_009,1004,708
mh_p/y_ksads__adhd__pres_010,983,687
mh_p/y_ksads__adhd__past_010,1005,709
mh_p/y_ksads__adhd__pres_011,984,688
mh_p/y_ksads__adhd__past_011,1006,710
mh_p/y_ksads__adhd__pres_012,985,689
mh_p/y_ksads__adhd__past_012,1007,711
mh_p/y_ksads__adhd__pres_013,986,690
mh_p/y_ksads__adhd__past_013,1008,712
mh_p/y_ksads__adhd__pres_014,987,691
mh_p/y_ksads__adhd__past_012__v01,1009,713
mh_p/y_ksads__adhd__pres_015,988,692
mh_p/y_ksads__adhd__past_014,1010,714
mh_p/y_ksads__adhd__pres_,989,693
mh_p/y_ksads__adhd__pres_016___1,990,694
mh_p/y_ksads__adhd__pres_016___2,991,695
mh_p/y_ksads__adhd__pres_016___3,992,696
mh_p/y_ksads__adhd__pres_016___4,993,697
mh_p/y_ksads__adhd__pres_016___5,994,698
mh_p/y_ksads__adhd__past_014__v01,1011,715
mh_p/y_ksads__adhd__past_015__01___1,1012,716
mh_p/y_ksads__adhd__past_015__01___2,1013,717
mh_p/y_ksads__adhd__past_015__01___3,1014,718
mh_p/y_ksads__adhd__past_015__01___4,1015,719
mh_p/y_ksads__adhd__past_015__01___5,1016,720
mh_p/y_ksads__adhd__past_016,1017,721
mh_p/y_ksads__adhd__past_017,1018,722
mh_p/y_ksads__adhd__pres_001,973,677
mh_p/y_ksads__adhd__pres_001__v01,974,678
mh_p/y_ksads__adhd__past_001,995,699
mh_p/y_ksads__adhd__past_001__v01,996,700
mh_p/y_ksads__adhd__pres_002,975,679
mh_p/y_ksads__adhd__past_002,997,701
mh_p/y_ksads__adhd__pres_003,976,680
mh_p/y_ksads__adhd__past_003,998,702
mh_p/y_ksads__adhd__pres_004,977,681
mh_p/y_ksads__adhd__past_004,999,703
mh_p/y_ksads__adhd__pres_005,978,682
mh_p/y_ksads__adhd__past_005,1000,704
mh_p/y_ksads__odd__pres_007__mo,1030,
mh_p/y_ksads__odd__pres_007__wk,1030,
mh_p/y_ksads__odd__pres_007__yr,1030,
mh_p/y_ksads__odd__past_007__mo,1042,
mh_p/y_ksads__odd__past_007__wk,1042,
mh_p/y_ksads__odd__past_007__yr,1042,
mh_p/y_ksads__odd__pres_008,1043,
mh_p/y_ksads__odd__pres_001,1019,723
mh_p/y_ksads__odd__past_001,1031,735
mh_p/y_ksads__odd__pres_002,1020,724
mh_p/y_ksads__odd__past_002,1032,736
mh_p/y_ksads__odd__pres_003,1021,725
mh_p/y_ksads__odd__past_003,1033,737
mh_p/y_ksads__odd__pres_004,1022,726
mh_p/y_ksads__odd__past_004,1034,738
mh_p/y_ksads__odd__pres_005,1023,727
mh_p/y_ksads__odd__past_005,1035,739
mh_p/y_ksads__odd__pres_,1024,728
mh_p/y_ksads__odd__pres_006___1,1025,729
mh_p/y_ksads__odd__pres_006___2,1026,730
mh_p/y_ksads__odd__pres_006___3,1027,731
mh_p/y_ksads__odd__pres_006___4,1028,732
mh_p/y_ksads__odd__pres_006___5,1029,733
mh_p/y_ksads__odd__past_,1036,
mh_p/y_ksads__odd__past_006___1,1037,
mh_p/y_ksads__odd__past_006___2,1038,
mh_p/y_ksads__odd__past_006___3,1039,
mh_p/y_ksads__odd__past_006___4,1040,
mh_p/y_ksads__odd__past_006___5,1041,
mh_p/y_ksads__cond__pres_005,1056,754
mh_p/y_ksads__cond__past_005,1057,755
mh_p/y_ksads__cond__past_005__01,1058,756
mh_p/y_ksads__cond__pres_006,1059,757
mh_p/y_ksads__cond__pres_006__01,1060,758
mh_p/y_ksads__cond__past_006,1061,759
mh_p/y_ksads__cond__past_006__02,1062,760
mh_p/y_ksads__cond__past_006__01,1063,761
mh_p/y_ksads__cond__pres_007,1064,762
mh_p/y_ksads__cond__past_007,1065,763
mh_p/y_ksads__cond__past_007__01,1066,764
mh_p/y_ksads__cond__pres_008,1067,765
mh_p/y_ksads__cond__past_008,1068,766
mh_p/y_ksads__cond__past_008__01,1069,767
mh_p/y_ksads__cond__pres_009,1070,768
mh_p/y_ksads__cond__past_009,1071,769
mh_p/y_ksads__cond__past_009__01,1072,770
mh_p/y_ksads__cond__pres_010,1073,771
mh_p/y_ksads__cond__past_010,1074,772
mh_p/y_ksads__cond__past_010__01,1075,773
mh_p/y_ksads__cond_,1076,774
mh_p/y_ksads__cond_001___1,1077,775
mh_p/y_ksads__cond_001___10,1077,775
mh_p/y_ksads__cond_001___11,1077,775
mh_p/y_ksads__cond_001___12,1077,775
mh_p/y_ksads__cond_001___2,1077,775
mh_p/y_ksads__cond_001___3,1077,775
mh_p/y_ksads__cond_001___4,1077,775
mh_p/y_ksads__cond_001___5,1077,775
mh_p/y_ksads__cond_001___6,1077,775
mh_p/y_ksads__cond_001___7,1077,775
mh_p/y_ksads__cond_001___8,1077,775
mh_p/y_ksads__cond_001___9,1077,775
mh_p/y_ksads__cond_002___1,1078,776
mh_p/y_ksads__cond_002___10,1078,776
mh_p/y_ksads__cond_002___11,1078,776
mh_p/y_ksads__cond_002___12,1078,776
mh_p/y_ksads__cond_002___2,1078,776
mh_p/y_ksads__cond_002___3,1078,776
mh_p/y_ksads__cond_002___4,1078,776
mh_p/y_ksads__cond_002___5,1078,776
mh_p/y_ksads__cond_002___6,1078,776
mh_p/y_ksads__cond_002___7,1078,776
mh_p/y_ksads__cond_002___8,1078,776
mh_p/y_ksads__cond_002___9,1078,776
mh_p/y_ksads__cond_003___1,1079,777
mh_p/y_ksads__cond_003___10,1079,777
mh_p/y_ksads__cond_003___11,1079,777
mh_p/y_ksads__cond_003___12,1079,777
mh_p/y_ksads__cond_003___2,1079,777
mh_p/y_ksads__cond_003___3,1079,777
mh_p/y_ksads__cond_003___4,1079,777
mh_p/y_ksads__cond_003___5,1079,777
mh_p/y_ksads__cond_003___6,1079,777
mh_p/y_ksads__cond_003___7,1079,777
mh_p/y_ksads__cond_003___8,1079,777
mh_p/y_ksads__cond_003___9,1079,777
mh_p/y_ksads__cond_004___1,1080,778
mh_p/y_ksads__cond_004___10,1080,778
mh_p/y_ksads__cond_004___11,1080,778
mh_p/y_ksads__cond_004___12,1080,778
mh_p/y_ksads__cond_004___2,1080,778
mh_p/y_ksads__cond_004___3,1080,778
mh_p/y_ksads__cond_004___4,1080,778
mh_p/y_ksads__cond_004___5,1080,778
mh_p/y_ksads__cond_004___6,1080,778
mh_p/y_ksads__cond_004___7,1080,778
mh_p/y_ksads__cond_004___8,1080,778
mh_p/y_ksads__cond_004___9,1080,778
mh_p/y_ksads__cond_005___1,1081,779
mh_p/y_ksads__cond_005___10,1081,779
mh_p/y_ksads__cond_005___11,1081,779
mh_p/y_ksads__cond_005___12,1081,779
mh_p/y_ksads__cond_005___2,1081,779
mh_p/y_ksads__cond_005___3,1081,779
mh_p/y_ksads__cond_005___4,1081,779
mh_p/y_ksads__cond_005___5,1081,779
mh_p/y_ksads__cond_005___6,1081,779
mh_p/y_ksads__cond_005___7,1081,779
mh_p/y_ksads__cond_005___8,1081,779
mh_p/y_ksads__cond_005___9,1081,779
mh_p/y_ksads__cond_006___1,1082,780
mh_p/y_ksads__cond_006___10,1082,780
mh_p/y_ksads__cond_006___11,1082,780
mh_p/y_ksads__cond_006___12,1082,780
mh_p/y_ksads__cond_006___2,1082,780
mh_p/y_ksads__cond_006___3,1082,780
mh_p/y_ksads__cond_006___4,1082,780
mh_p/y_ksads__cond_006___5,1082,780
mh_p/y_ksads__cond_006___6,1082,780
mh_p/y_ksads__cond_006___7,1082,780
mh_p/y_ksads__cond_006___8,1082,780
mh_p/y_ksads__cond_006___9,1082,780
mh_p/y_ksads__cond_007___1,1083,781
mh_p/y_ksads__cond_007___10,1083,781
mh_p/y_ksads__cond_007___11,1083,781
mh_p/y_ksads__cond_007___12,1083,781
mh_p/y_ksads__cond_007___2,1083,781
mh_p/y_ksads__cond_007___3,1083,781
mh_p/y_ksads__cond_007___4,1083,781
mh_p/y_ksads__cond_007___5,1083,781
mh_p/y_ksads__cond_007___6,1083,781
mh_p/y_ksads__cond_007___7,1083,781
mh_p/y_ksads__cond_007___8,1083,781
mh_p/y_ksads__cond_007___9,1083,781
mh_p/y_ksads__cond_008___1,1084,782
mh_p/y_ksads__cond_008___10,1084,782
mh_p/y_ksads__cond_008___11,1084,782
mh_p/y_ksads__cond_008___12,1084,782
mh_p/y_ksads__cond_008___2,1084,782
mh_p/y_ksads__cond_008___3,1084,782
mh_p/y_ksads__cond_008___4,1084,782
mh_p/y_ksads__cond_008___5,1084,782
mh_p/y_ksads__cond_008___6,1084,782
mh_p/y_ksads__cond_008___7,1084,782
mh_p/y_ksads__cond_008___8,1084,782
mh_p/y_ksads__cond_008___9,1084,782
mh_p/y_ksads__cond_009___1,1085,783
mh_p/y_ksads__cond_009___10,1085,783
mh_p/y_ksads__cond_009___11,1085,783
mh_p/y_ksads__cond_009___12,1085,783
mh_p/y_ksads__cond_009___2,1085,783
mh_p/y_ksads__cond_009___3,1085,783
mh_p/y_ksads__cond_009___4,1085,783
mh_p/y_ksads__cond_009___5,1085,783
mh_p/y_ksads__cond_009___6,1085,783
mh_p/y_ksads__cond_009___7,1085,783
mh_p/y_ksads__cond_009___8,1085,783
mh_p/y_ksads__cond_009___9,1085,783
mh_p/y_ksads__cond_010___1,1086,784
mh_p/y_ksads__cond_010___10,1086,784
mh_p/y_ksads__cond_010___11,1086,784
mh_p/y_ksads__cond_010___12,1086,784
mh_p/y_ksads__cond_010___2,1086,784
mh_p/y_ksads__cond_010___3,1086,784
mh_p/y_ksads__cond_010___4,1086,784
mh_p/y_ksads__cond_010___5,1086,784
mh_p/y_ksads__cond_010___6,1086,784
mh_p/y_ksads__cond_010___7,1086,784
mh_p/y_ksads__cond_010___8,1086,784
mh_p/y_ksads__cond_010___9,1086,784
mh_p/y_ksads__cond_011___1,1087,785
mh_p/y_ksads__cond_011___10,1087,785
mh_p/y_ksads__cond_011___11,1087,785
mh_p/y_ksads__cond_011___12,1087,785
mh_p/y_ksads__cond_011___2,1087,785
mh_p/y_ksads__cond_011___3,1087,785
mh_p/y_ksads__cond_011___4,1087,785
mh_p/y_ksads__cond_011___5,1087,785
mh_p/y_ksads__cond_011___6,1087,785
mh_p/y_ksads__cond_011___7,1087,785
mh_p/y_ksads__cond_011___8,1087,785
mh_p/y_ksads__cond_011___9,1087,785
mh_p/y_ksads__cond_012___1,1088,786
mh_p/y_ksads__cond_012___10,1088,786
mh_p/y_ksads__cond_012___11,1088,786
mh_p/y_ksads__cond_012___12,1088,786
mh_p/y_ksads__cond_012___2,1088,786
mh_p/y_ksads__cond_012___3,1088,786
mh_p/y_ksads__cond_012___4,1088,786
mh_p/y_ksads__cond_012___5,1088,786
mh_p/y_ksads__cond_012___6,1088,786
mh_p/y_ksads__cond_012___7,1088,786
mh_p/y_ksads__cond_012___8,1088,786
mh_p/y_ksads__cond_012___9,1088,786
mh_p/y_ksads__cond_013___1,1089,787
mh_p/y_ksads__cond_013___10,1089,787
mh_p/y_ksads__cond_013___11,1089,787
mh_p/y_ksads__cond_013___12,1089,787
mh_p/y_ksads__cond_013___2,1089,787
mh_p/y_ksads__cond_013___3,1089,787
mh_p/y_ksads__cond_013___4,1089,787
mh_p/y_ksads__cond_013___5,1089,787
mh_p/y_ksads__cond_013___6,1089,787
mh_p/y_ksads__cond_013___7,1089,787
mh_p/y_ksads__cond_013___8,1089,787
mh_p/y_ksads__cond_013___9,1089,787
mh_p/y_ksads__cond_014___1,1090,788
mh_p/y_ksads__cond_014___10,1090,788
mh_p/y_ksads__cond_014___11,1090,788
mh_p/y_ksads__cond_014___12,1090,788
mh_p/y_ksads__cond_014___2,1090,788
mh_p/y_ksads__cond_014___3,1090,788
mh_p/y_ksads__cond_014___4,1090,788
mh_p/y_ksads__cond_014___5,1090,788
mh_p/y_ksads__cond_014___6,1090,788
mh_p/y_ksads__cond_014___7,1090,788
mh_p/y_ksads__cond_014___8,1090,788
mh_p/y_ksads__cond_014___9,1090,788
mh_p/y_ksads__cond_015___1,1091,789
mh_p/y_ksads__cond_015___10,1091,789
mh_p/y_ksads__cond_015___11,1091,789
mh_p/y_ksads__cond_015___12,1091,789
mh_p/y_ksads__cond_015___2,1091,789
mh_p/y_ksads__cond_015___3,1091,789
mh_p/y_ksads__cond_015___4,1091,789
mh_p/y_ksads__cond_015___5,1091,789
mh_p/y_ksads__cond_015___6,1091,789
mh_p/y_ksads__cond_015___7,1091,789
mh_p/y_ksads__cond_015___8,1091,789
mh_p/y_ksads__cond_015___9,1091,789
mh_p/y_ksads__cond_,1092,790
mh_p/y_ksads__cond_016,1093,791
mh_p/y_ksads__cond_017,1094,792
mh_p/y_ksads__cond_018,1095,793
mh_p/y_ksads__cond_019,1096,794
mh_p/y_ksads__cond_020,1097,795
mh_p/y_ksads__cond_021,1098,796
mh_p/y_ksads__cond_022,1099,797
mh_p/y_ksads__cond_023,1100,798
mh_p/y_ksads__cond_024,1101,799
mh_p/y_ksads__cond_025,1102,800
mh_p/y_ksads__cond_026,1103,801
mh_p/y_ksads__cond_027,1104,802
mh_p/y_ksads__cond__pres_001,1044,742
mh_p/y_ksads__cond__past_001,1045,743
mh_p/y_ksads__cond__past_001__01,1046,744
mh_p/y_ksads__cond__pres_002,1047,745
mh_p/y_ksads__cond__past_002,1048,746
mh_p/y_ksads__cond__past_002__01,1049,747
mh_p/y_ksads__cond__pres_003,1050,748
mh_p/y_ksads__cond__past_003,1051,749
mh_p/y_ksads__cond__past_003__01,1052,750
mh_p/y_ksads__cond__pres_004,1053,751
mh_p/y_ksads__cond__past_004,1054,752
mh_p/y_ksads__cond__past_004__01,1055,753
su_p/y_ksads__aud__pres_006,1191,884
su_p/y_ksads__aud__past_006,1192,885
su_p/y_ksads__aud__pres_007,1194,886
su_p/y_ksads__aud__past_007,1195,887
su_p/y_ksads__aud__pres_008,1197,888
su_p/y_ksads__aud__past_008,1198,889
su_p/y_ksads__aud__past_009,1200,890
su_p/y_ksads__aud__past_010,1201,891
su_p/y_ksads__aud__past_011,1202,892
su_p/y_ksads__aud__past_012,1203,893
su_p/y_ksads__aud__past_013,1204,894
su_p/y_ksads__aud__pres_001__3mo,1214,904
su_p/y_ksads__aud__pres_002__3mo,1215,905
su_p/y_ksads__aud__pres_003__3mo,1216,906
su_p/y_ksads__aud__pres_004__3mo,1217,907
su_p/y_ksads__aud__pres_005__3mo,1218,908
su_p/y_ksads__aud__pres_006__3mo,1219,909
su_p/y_ksads__aud__pres_007__3mo,1206,896
su_p/y_ksads__aud__pres_008__3mo,1207,897
su_p/y_ksads__aud__pres_009__3mo,1208,898
su_p/y_ksads__aud__pres_010__3mo,1209,899
su_p/y_ksads__aud__pres_011__3mo,1210,900
su_p/y_ksads__aud__pres_012__3mo,1211,901
su_p/y_ksads__aud__pres_013__3mo,1212,902
su_p/y_ksads__aud__pres_014__3mo,1213,903
su_p/y_ksads__aud__pres_009,2118,1776
su_p/y_ksads__aud__pres_009__01__wk,2119,1777
su_p/y_ksads__aud__pres_001,1174,872
su_p/y_ksads__aud__past_001,1175,873
su_p/y_ksads__aud__pres_002,1177,874
su_p/y_ksads__aud__past_002,1178,875
su_p/y_ksads__aud__pres_003,1180,876
su_p/y_ksads__aud__past_003,1181,877
su_p/y_ksads__aud__pres_004,1183,878
su_p/y_ksads__aud__pres_004__txt,1184,879
su_p/y_ksads__aud__past_004,1185,880
su_p/y_ksads__aud__past_004__txt,1187,881
su_p/y_ksads__aud__pres_005,1188,882
su_p/y_ksads__aud__past_005,1189,883
mh_p/y_ksads__bpd__pres_001,913,618
mh_p/y_ksads__bpd__past_001,937,
mh_p/y_ksads__bpd__pres_007,919,624
mh_p/y_ksads__bpd__past_007,943,648
mh_p/y_ksads__bpd__pres_008,920,625
mh_p/y_ksads__bpd__past_008,944,649
mh_p/y_ksads__bpd__pres_009,921,626
mh_p/y_ksads__bpd__past_009,945,650
mh_p/y_ksads__bpd__pres_010,922,627
mh_p/y_ksads__bpd__pres_010__01,923,628
mh_p/y_ksads__bpd__past_010,946,651
mh_p/y_ksads__bpd__past_010__01,947,
mh_p/y_ksads__bpd__pres_011,924,629
mh_p/y_ksads__bpd__pres_011__01,925,630
mh_p/y_ksads__bpd__past_011,948,653
mh_p/y_ksads__bpd__past_011__01,949,
mh_p/y_ksads__bpd__pres_012,926,631
mh_p/y_ksads__bpd__past_012,950,655
mh_p/y_ksads__bpd__pres_,927,632
mh_p/y_ksads__bpd__pres_013___1,928,633
mh_p/y_ksads__bpd__pres_013___2,929,634
mh_p/y_ksads__bpd__pres_013___3,930,635
mh_p/y_ksads__bpd__pres_013___4,931,636
mh_p/y_ksads__bpd__pres_013___5,932,637
mh_p/y_ksads__bpd__pres_013___6,933,638
mh_p/y_ksads__bpd__pres_013___7,934,639
mh_p/y_ksads__bpd__past_,951,656
mh_p/y_ksads__bpd__past_013___1,952,657
mh_p/y_ksads__bpd__past_013___2,953,658
mh_p/y_ksads__bpd__past_013___3,954,659
mh_p/y_ksads__bpd__past_013___4,955,660
mh_p/y_ksads__bpd__past_013___5,956,661
mh_p/y_ksads__bpd__past_013___6,957,662
mh_p/y_ksads__bpd__past_013___7,958,663
mh_p/y_ksads__bpd__pres_014,935,640
mh_p/y_ksads__bpd__past_014,959,
mh_p/y_ksads__bpd__pres_016,936,
mh_p/y_ksads__bpd__past_016,960,664
mh_p/y_ksads__bpd__pres_003,914,619
mh_p/y_ksads__bpd__pres_003__01,915,620
mh_p/y_ksads__bpd__past_003,938,
mh_p/y_ksads__bpd__past_003__01,939,644
mh_p/y_ksads__bpd__pres_004,916,621
mh_p/y_ksads__bpd__past_004,940,645
mh_p/y_ksads__bpd__pres_005,917,622
mh_p/y_ksads__bpd__past_005,941,646
mh_p/y_ksads__bpd__pres_006,918,623
mh_p/y_ksads__bpd__past_006,942,647
su_p/y_ksads__dud__pres_,1372,1057
su_p/y_ksads__dud__pres_006___1,1373,1058
su_p/y_ksads__dud__pres_006___2,1374,1059
su_p/y_ksads__dud__pres_006___3,1375,1060
su_p/y_ksads__dud__pres_006___4,1376,1061
su_p/y_ksads__dud__pres_006___5,1377,1062
su_p/y_ksads__dud__pres_006___6,1378,1063
su_p/y_ksads__dud__pres_006___7,1379,1064
su_p/y_ksads__dud__pres_006___8,1380,1065
su_p/y_ksads__dud__pres_006___9,1381,1066
su_p/y_ksads__dud__past_,1382,1067
su_p/y_ksads__dud__past_006___1,1383,1068
su_p/y_ksads__dud__past_006___2,1384,1069
su_p/y_ksads__dud__past_006___3,1385,1070
su_p/y_ksads__dud__past_006___4,1386,1071
su_p/y_ksads__dud__past_006___5,1387,1072
su_p/y_ksads__dud__past_006___6,1388,1073
su_p/y_ksads__dud__past_006___7,1389,1074
su_p/y_ksads__dud__past_006___8,1390,1075
su_p/y_ksads__dud__past_006___9,1391,1076
su_p/y_ksads__dud__past_006__v01___1,1393,
su_p/y_ksads__dud__past_006__v01___2,1394,1078
su_p/y_ksads__dud__past_006__v01___3,1395,1079
su_p/y_ksads__dud__past_006__v01___4,1396,1080
su_p/y_ksads__dud__past_006__v01___5,1397,1081
su_p/y_ksads__dud__past_006__v01___6,1398,1082
su_p/y_ksads__dud__past_006__v01___7,1399,1083
su_p/y_ksads__dud__past_006__v01___8,1400,1084
su_p/y_ksads__dud__past_006__v01___9,1401,1085
su_p/y_ksads__dud__pres_,1402,1086
su_p/y_ksads__dud__pres_007___1,1403,1087
su_p/y_ksads__dud__pres_007___2,1404,1088
su_p/y_ksads__dud__pres_007___3,1405,1089
su_p/y_ksads__dud__pres_007___4,1406,1090
su_p/y_ksads__dud__pres_007___5,1407,1091
su_p/y_ksads__dud__pres_007___6,1408,1092
su_p/y_ksads__dud__pres_007___7,1409,1093
su_p/y_ksads__dud__pres_007___8,1410,1094
su_p/y_ksads__dud__pres_007___9,1411,1095
su_p/y_ksads__dud__past_,1412,1096
su_p/y_ksads__dud__past_007___1,1413,1097
su_p/y_ksads__dud__past_007___2,1414,1098
su_p/y_ksads__dud__past_007___3,1415,1099
su_p/y_ksads__dud__past_007___4,1416,1100
su_p/y_ksads__dud__past_007___5,1417,1101
su_p/y_ksads__dud__past_007___6,1418,1102
su_p/y_ksads__dud__past_007___7,1419,1103
su_p/y_ksads__dud__past_007___8,1420,1104
su_p/y_ksads__dud__past_007___9,1421,1105
su_p/y_ksads__dud__past_007__v01___1,1423,
su_p/y_ksads__dud__past_007__v01___2,1424,1107
su_p/y_ksads__dud__past_007__v01___3,1425,1108
su_p/y_ksads__dud__past_007__v01___4,1426,1109
su_p/y_ksads__dud__past_007__v01___5,1427,1110
su_p/y_ksads__dud__past_007__v01___6,1428,1111
su_p/y_ksads__dud__past_007__v01___7,1429,1112
su_p/y_ksads__dud__past_007__v01___8,1430,1113
su_p/y_ksads__dud__past_007__v01___9,1431,1114
su_p/y_ksads__dud__pres_,1432,1115
su_p/y_ksads__dud__pres_008___1,1433,1116
su_p/y_ksads__dud__pres_008___2,1434,1117
su_p/y_ksads__dud__pres_008___3,1435,1118
su_p/y_ksads__dud__pres_008___4,1436,1119
su_p/y_ksads__dud__pres_008___5,1437,1120
su_p/y_ksads__dud__pres_008___6,1438,1121
su_p/y_ksads__dud__pres_008___7,1439,1122
su_p/y_ksads__dud__pres_008___8,1440,1123
su_p/y_ksads__dud__pres_008___9,1441,1124
su_p/y_ksads__dud__past_,1442,1125
su_p/y_ksads__dud__past_008___1,1443,1126
su_p/y_ksads__dud__past_008___2,1444,1127
su_p/y_ksads__dud__past_008___3,1445,1128
su_p/y_ksads__dud__past_008___4,1446,1129
su_p/y_ksads__dud__past_008___5,1447,1130
su_p/y_ksads__dud__past_008___6,1448,1131
su_p/y_ksads__dud__past_008___7,1449,1132
su_p/y_ksads__dud__past_008___8,1450,1133
su_p/y_ksads__dud__past_008___9,1451,1134
su_p/y_ksads__dud__past_008__v01___9,1453,
su_p/y_ksads__dud__past_008__v01___1,1454,1136
su_p/y_ksads__dud__past_008__v01___2,1455,1137
su_p/y_ksads__dud__past_008__v01___3,1456,1138
su_p/y_ksads__dud__past_008__v01___4,1457,1139
su_p/y_ksads__dud__past_008__v01___5,1458,1140
su_p/y_ksads__dud__past_008__v01___6,1459,1141
su_p/y_ksads__dud__past_008__v01___7,1460,1142
su_p/y_ksads__dud__past_008__v01___8,1461,1143
su_p/y_ksads__dud_,1462,1144
su_p/y_ksads__dud__pres_009___1,1463,1145
su_p/y_ksads__dud__pres_009___2,1464,1146
su_p/y_ksads__dud__pres_009___3,1465,1147
su_p/y_ksads__dud__pres_009___4,1466,1148
su_p/y_ksads__dud__pres_009___5,1467,1149
su_p/y_ksads__dud__pres_009___6,1468,1150
su_p/y_ksads__dud__pres_009___7,1469,1151
su_p/y_ksads__dud__pres_009___8,1470,1152
su_p/y_ksads__dud__pres_009___9,1471,1153
su_p/y_ksads__dud__pres_,1472,1154
su_p/y_ksads__dud__pres_010___1,1473,1155
su_p/y_ksads__dud__pres_010___2,1474,1156
su_p/y_ksads__dud__pres_010___3,1475,1157
su_p/y_ksads__dud__pres_010___4,1476,1158
su_p/y_ksads__dud__pres_010___5,1477,1159
su_p/y_ksads__dud__pres_010___6,1478,1160
su_p/y_ksads__dud__pres_010___7,1479,1161
su_p/y_ksads__dud__pres_010___8,1480,1162
su_p/y_ksads__dud__pres_010___9,1481,1163
su_p/y_ksads__dud__pres_,1482,1164
su_p/y_ksads__dud__pres_011___1,1483,1165
su_p/y_ksads__dud__pres_011___2,1484,1166
su_p/y_ksads__dud__pres_011___3,1485,1167
su_p/y_ksads__dud__pres_011___4,1486,1168
su_p/y_ksads__dud__pres_011___5,1487,1169
su_p/y_ksads__dud__pres_011___6,1488,1170
su_p/y_ksads__dud__pres_011___7,1489,1171
su_p/y_ksads__dud__pres_011___8,1490,1172
su_p/y_ksads__dud__pres_011___9,1491,1173
su_p/y_ksads__dud__pres_,1492,1174
su_p/y_ksads__dud__pres_012___1,1493,1175
su_p/y_ksads__dud__pres_012___2,1494,1176
su_p/y_ksads__dud__pres_012___3,1495,1177
su_p/y_ksads__dud__pres_012___4,1496,1178
su_p/y_ksads__dud__pres_012___5,1497,1179
su_p/y_ksads__dud__pres_012___6,1498,1180
su_p/y_ksads__dud__pres_012___7,1499,1181
su_p/y_ksads__dud__pres_012___8,1500,1182
su_p/y_ksads__dud__pres_012___9,1501,1183
su_p/y_ksads__dud__pres_,1502,1184
su_p/y_ksads__dud__pres_013___1,1503,1185
su_p/y_ksads__dud__pres_013___2,1504,1186
su_p/y_ksads__dud__pres_013___3,1505,1187
su_p/y_ksads__dud__pres_013___4,1506,1188
su_p/y_ksads__dud__pres_013___5,1507,1189
su_p/y_ksads__dud__pres_013___6,1508,1190
su_p/y_ksads__dud__pres_013___7,1509,1191
su_p/y_ksads__dud__pres_013___8,1510,1192
su_p/y_ksads__dud__pres_013___9,1511,1193
su_p/y_ksads__dud__pres_014,1512,1194
su_p/y_ksads__dud__pres_015,1602,1284
su_p/y_ksads__dud__pres_015__01__3mo,1603,1285
su_p/y_ksads__dud__pres_015__02__3mo,1604,1286
su_p/y_ksads__dud__pres_015__03__3mo,1605,1287
su_p/y_ksads__dud__pres_015__04__3mo,1606,1288
su_p/y_ksads__dud__pres_015__05__3mo,1607,1289
su_p/y_ksads__dud__pres_015__06__3mo,1608,1290
su_p/y_ksads__dud__pres_015__07__3mo,1609,1291
su_p/y_ksads__dud__pres_015__08__3mo,1610,1292
su_p/y_ksads__dud__pres_015__09__3mo,1611,1293
su_p/y_ksads__dud__pres_016,1612,1294
su_p/y_ksads__dud__pres_016__01__3mo,1613,1295
su_p/y_ksads__dud__pres_016__02__3mo,1614,1296
su_p/y_ksads__dud__pres_016__03__3mo,1615,1297
su_p/y_ksads__dud__pres_016__04__3mo,1616,1298
su_p/y_ksads__dud__pres_016__05__3mo,1617,1299
su_p/y_ksads__dud__pres_016__06__3mo,1618,1300
su_p/y_ksads__dud__pres_016__07__3mo,1619,1301
su_p/y_ksads__dud__pres_016__08__3mo,1620,1302
su_p/y_ksads__dud__pres_016__09__3mo,1621,1303
su_p/y_ksads__dud__pres_017,1622,1304
su_p/y_ksads__dud__pres_017__01__3mo,1623,1305
su_p/y_ksads__dud__pres_017__02__3mo,1624,1306
su_p/y_ksads__dud__pres_017__03__3mo,1625,1307
su_p/y_ksads__dud__pres_017__04__3mo,1626,1308
su_p/y_ksads__dud__pres_017__05__3mo,1627,1309
su_p/y_ksads__dud__pres_017__06__3mo,1628,1310
su_p/y_ksads__dud__pres_017__07__3mo,1629,1311
su_p/y_ksads__dud__pres_017__08__3mo,1630,1312
su_p/y_ksads__dud__pres_017__09__3mo,1631,1313
su_p/y_ksads__dud__pres_018,1632,1314
su_p/y_ksads__dud__pres_018__01__3mo,1633,1315
su_p/y_ksads__dud__pres_018__02__3mo,1634,1316
su_p/y_ksads__dud__pres_018__03__3mo,1635,1317
su_p/y_ksads__dud__pres_018__04__3mo,1636,1318
su_p/y_ksads__dud__pres_018__05__3mo,1637,1319
su_p/y_ksads__dud__pres_018__06__3mo,1638,1320
su_p/y_ksads__dud__pres_018__07__3mo,1639,1321
su_p/y_ksads__dud__pres_018__08__3mo,1640,1322
su_p/y_ksads__dud__pres_018__09__3mo,1641,1323
su_p/y_ksads__dud__pres_019,1642,1324
su_p/y_ksads__dud__pres_019__01__3mo,1643,1325
su_p/y_ksads__dud__pres_019__02__3mo,1644,1326
su_p/y_ksads__dud__pres_019__03__3mo,1645,1327
su_p/y_ksads__dud__pres_019__04__3mo,1646,1328
su_p/y_ksads__dud__pres_019__05__3mo,1647,1329
su_p/y_ksads__dud__pres_019__06__3mo,1648,1330
su_p/y_ksads__dud__pres_019__07__3mo,1649,1331
su_p/y_ksads__dud__pres_019__08__3mo,1650,1332
su_p/y_ksads__dud__pres_019__09__3mo,1651,1333
su_p/y_ksads__dud__pres_020,1652,1334
su_p/y_ksads__dud__pres_020__01__3mo,1653,1335
su_p/y_ksads__dud__pres_020__02__3mo,1654,1336
su_p/y_ksads__dud__pres_020__03__3mo,1655,1337
su_p/y_ksads__dud__pres_020__04__3mo,1656,1338
su_p/y_ksads__dud__pres_020__05__3mo,1657,1339
su_p/y_ksads__dud__pres_020__06__3mo,1658,1340
su_p/y_ksads__dud__pres_020__07__3mo,1659,1341
su_p/y_ksads__dud__pres_020__08__3mo,1660,1342
su_p/y_ksads__dud__pres_020__09__3mo,1661,1343
su_p/y_ksads__dud__pres_014__01__3mo,1513,1195
su_p/y_ksads__dud__pres_014__02__3mo,1514,1196
su_p/y_ksads__dud__pres_014__03__3mo,1515,1197
su_p/y_ksads__dud__pres_014__04__3mo,1516,1198
su_p/y_ksads__dud__pres_014__05__3mo,1517,1199
su_p/y_ksads__dud__pres_014__06__3mo,1518,1200
su_p/y_ksads__dud__pres_014__07__3mo,1519,1201
su_p/y_ksads__dud__pres_014__08__3mo,1520,1202
su_p/y_ksads__dud__pres_014__09__3mo,1521,1203
su_p/y_ksads__dud__pres_021,1522,1204
su_p/y_ksads__dud__pres_021__01__3mo,1523,1205
su_p/y_ksads__dud__pres_021__02__3mo,1524,1206
su_p/y_ksads__dud__pres_021__03__3mo,1525,1207
su_p/y_ksads__dud__pres_021__04__3mo,1526,1208
su_p/y_ksads__dud__pres_021__05__3mo,1527,1209
su_p/y_ksads__dud__pres_021__06__3mo,1528,1210
su_p/y_ksads__dud__pres_021__07__3mo,1529,1211
su_p/y_ksads__dud__pres_021__08__3mo,1530,1212
su_p/y_ksads__dud__pres_021__09__3mo,1531,1213
su_p/y_ksads__dud__pres_022,1532,1214
su_p/y_ksads__dud__pres_022__01__3mo,1533,1215
su_p/y_ksads__dud__pres_022__02__3mo,1534,1216
su_p/y_ksads__dud__pres_022__03__3mo,1535,1217
su_p/y_ksads__dud__pres_022__04__3mo,1536,1218
su_p/y_ksads__dud__pres_022__05__3mo,1537,1219
su_p/y_ksads__dud__pres_022__06__3mo,1538,1220
su_p/y_ksads__dud__pres_022__07__3mo,1539,1221
su_p/y_ksads__dud__pres_022__08__3mo,1540,1222
su_p/y_ksads__dud__pres_022__09__3mo,1541,1223
su_p/y_ksads__dud__pres_023,1542,1224
su_p/y_ksads__dud__pres_023__01__3mo,1543,1225
su_p/y_ksads__dud__pres_023__02__3mo,1544,1226
su_p/y_ksads__dud__pres_023__03__3mo,1545,1227
su_p/y_ksads__dud__pres_023__04__3mo,1546,1228
su_p/y_ksads__dud__pres_023__05__3mo,1547,1229
su_p/y_ksads__dud__pres_023__06__3mo,1548,1230
su_p/y_ksads__dud__pres_023__07__3mo,1549,1231
su_p/y_ksads__dud__pres_023__08__3mo,1550,1232
su_p/y_ksads__dud__pres_023__09__3mo,1551,1233
su_p/y_ksads__dud__pres_024,1552,1234
su_p/y_ksads__dud__pres_024__01__3mo,1553,1235
su_p/y_ksads__dud__pres_024__02__3mo,1554,1236
su_p/y_ksads__dud__pres_024__03__3mo,1555,1237
su_p/y_ksads__dud__pres_024__04__3mo,1556,1238
su_p/y_ksads__dud__pres_024__05__3mo,1557,1239
su_p/y_ksads__dud__pres_024__06__3mo,1558,1240
su_p/y_ksads__dud__pres_024__07__3mo,1559,1241
su_p/y_ksads__dud__pres_024__08__3mo,1560,1242
su_p/y_ksads__dud__pres_024__09__3mo,1561,1243
su_p/y_ksads__dud__pres_025,1562,1244
su_p/y_ksads__dud__pres_025__01__3mo,1563,1245
su_p/y_ksads__dud__pres_025__02__3mo,1564,1246
su_p/y_ksads__dud__pres_025__03__3mo,1565,1247
su_p/y_ksads__dud__pres_025__04__3mo,1566,1248
su_p/y_ksads__dud__pres_025__05__3mo,1567,1249
su_p/y_ksads__dud__pres_025__06__3mo,1568,1250
su_p/y_ksads__dud__pres_025__07__3mo,1569,1251
su_p/y_ksads__dud__pres_025__08__3mo,1570,1252
su_p/y_ksads__dud__pres_025__09__3mo,1571,1253
su_p/y_ksads__dud__pres_026,1572,1254
su_p/y_ksads__dud__pres_026__01__3mo,1573,1255
su_p/y_ksads__dud__pres_026__02__3mo,1574,1256
su_p/y_ksads__dud__pres_026__03__3mo,1575,1257
su_p/y_ksads__dud__pres_026__04__3mo,1576,1258
su_p/y_ksads__dud__pres_026__05__3mo,1577,1259
su_p/y_ksads__dud__pres_026__06__3mo,1578,1260
su_p/y_ksads__dud__pres_026__07__3mo,1579,1261
su_p/y_ksads__dud__pres_026__08__3mo,1580,1262
su_p/y_ksads__dud__pres_026__09__3mo,1581,1263
su_p/y_ksads__dud__pres_027,1582,1264
su_p/y_ksads__dud__pres_027__01__3mo,1583,1265
su_p/y_ksads__dud__pres_027__02__3mo,1584,1266
su_p/y_ksads__dud__pres_027__03__3mo,1585,1267
su_p/y_ksads__dud__pres_027__04__3mo,1586,1268
su_p/y_ksads__dud__pres_027__05__3mo,1587,1269
su_p/y_ksads__dud__pres_027__06__3mo,1588,1270
su_p/y_ksads__dud__pres_027__07__3mo,1589,1271
su_p/y_ksads__dud__pres_027__08__3mo,1590,1272
su_p/y_ksads__dud__pres_027__09__3mo,1591,1273
su_p/y_ksads__dud__pres_028,1592,1274
su_p/y_ksads__dud__pres_028__01__3mo,1593,1275
su_p/y_ksads__dud__pres_028__02__3mo,1594,1276
su_p/y_ksads__dud__pres_028__03__3mo,1595,1277
su_p/y_ksads__dud__pres_028__04__3mo,1596,1278
su_p/y_ksads__dud__pres_028__05__3mo,1597,1279
su_p/y_ksads__dud__pres_028__06__3mo,1598,1280
su_p/y_ksads__dud__pres_028__07__3mo,1599,1281
su_p/y_ksads__dud__pres_028__08__3mo,1600,1282
su_p/y_ksads__dud__pres_028__09__3mo,1601,1283
su_p/y_ksads__dud__pres_,2122,1778
su_p/y_ksads__dud__pres_029___1,2123,1779
su_p/y_ksads__dud__pres_029___2,2124,1780
su_p/y_ksads__dud__pres_029___3,2125,1781
su_p/y_ksads__dud__pres_029___4,2126,1782
su_p/y_ksads__dud__pres_029___5,2127,1783
su_p/y_ksads__dud__pres_029___6,2128,1784
su_p/y_ksads__dud__pres_029___7,2129,1785
su_p/y_ksads__dud__pres_029___8,2130,1786
su_p/y_ksads__dud__pres_029___9,2131,1787
su_p/y_ksads__dud__pres_,2132,1788
su_p/y_ksads__dud__pres_030__01__wk,2133,1789
su_p/y_ksads__dud__pres_030__02__wk,2134,1790
su_p/y_ksads__dud__pres_030__03__wk,2135,1791
su_p/y_ksads__dud__pres_030__04__wk,2136,1792
su_p/y_ksads__dud__pres_030__05__wk,2137,1793
su_p/y_ksads__dud__pres_030__06__wk,2138,1794
su_p/y_ksads__dud__pres_030__07__wk,2139,1795
su_p/y_ksads__dud__pres_030__08__wk,2140,1796
su_p/y_ksads__dud__pres_030__09__wk,2141,1797
su_p/y_ksads__dud__pres_,1220,910
su_p/y_ksads__dud__pres_001___1,1221,911
su_p/y_ksads__dud__pres_001___2,1222,912
su_p/y_ksads__dud__pres_001___3,1223,913
su_p/y_ksads__dud__pres_001___4,1224,914
su_p/y_ksads__dud__pres_001___5,1225,915
su_p/y_ksads__dud__pres_001___6,1226,916
su_p/y_ksads__dud__pres_001___7,1227,917
su_p/y_ksads__dud__pres_001___8,1228,918
su_p/y_ksads__dud__pres_001___9,1229,919
su_p/y_ksads__dud__past_,1230,920
su_p/y_ksads__dud__past_001___1,1231,921
su_p/y_ksads__dud__past_001___2,1232,922
su_p/y_ksads__dud__past_001___3,1233,923
su_p/y_ksads__dud__past_001___4,1234,924
su_p/y_ksads__dud__past_001___5,1235,925
su_p/y_ksads__dud__past_001___6,1236,926
su_p/y_ksads__dud__past_001___7,1237,927
su_p/y_ksads__dud__past_001___8,1238,928
su_p/y_ksads__dud__past_001___9,1239,929
su_p/y_ksads__dud__past_,2105,1763
su_p/y_ksads__dud__past_001__v01___1,2106,1764
su_p/y_ksads__dud__past_001__v01___2,2107,1765
su_p/y_ksads__dud__past_001__v01___3,2108,1766
su_p/y_ksads__dud__past_001__v01___4,2109,1767
su_p/y_ksads__dud__past_001__v01___5,2110,1768
su_p/y_ksads__dud__past_001__v01___6,2111,1769
su_p/y_ksads__dud__past_001__v01___7,2112,1770
su_p/y_ksads__dud__past_001__v01___8,2113,1771
su_p/y_ksads__dud__past_001__v01___9,2114,1772
su_p/y_ksads__dud__past_001__v02___1,1241,
su_p/y_ksads__dud__past_001__v02___2,1242,931
su_p/y_ksads__dud__past_001__v02___3,1243,932
su_p/y_ksads__dud__past_001__v02___4,1244,933
su_p/y_ksads__dud__past_001__v02___5,1245,934
su_p/y_ksads__dud__past_001__v02___6,1246,935
su_p/y_ksads__dud__past_001__v02___7,1247,936
su_p/y_ksads__dud__past_001__v02___8,1248,937
su_p/y_ksads__dud__past_001__v02___9,1249,938
su_p/y_ksads__dud__pres_,1250,939
su_p/y_ksads__dud__pres_002___1,1251,940
su_p/y_ksads__dud__pres_002___2,1252,941
su_p/y_ksads__dud__pres_002___3,1253,942
su_p/y_ksads__dud__pres_002___4,1254,943
su_p/y_ksads__dud__pres_002___5,1255,944
su_p/y_ksads__dud__pres_002___6,1256,945
su_p/y_ksads__dud__pres_002___7,1257,946
su_p/y_ksads__dud__pres_002___8,1258,947
su_p/y_ksads__dud__pres_002___9,1259,948
su_p/y_ksads__dud__past_,1260,949
su_p/y_ksads__dud__past_002___1,1261,950
su_p/y_ksads__dud__past_002___2,1262,951
su_p/y_ksads__dud__past_002___3,1263,952
su_p/y_ksads__dud__past_002___4,1264,953
su_p/y_ksads__dud__past_002___5,1265,954
su_p/y_ksads__dud__past_002___6,1266,955
su_p/y_ksads__dud__past_002___7,1267,956
su_p/y_ksads__dud__past_002___8,1268,957
su_p/y_ksads__dud__past_002___9,1269,958
su_p/y_ksads__dud__past_002__v01___1,1271,
su_p/y_ksads__dud__past_002__v01___2,1272,960
su_p/y_ksads__dud__past_002__v01___3,1273,961
su_p/y_ksads__dud__past_002__v01___4,1274,962
su_p/y_ksads__dud__past_002__v01___5,1275,963
su_p/y_ksads__dud__past_002__v01___6,1276,964
su_p/y_ksads__dud__past_002__v01___7,1277,965
su_p/y_ksads__dud__past_002__v01___8,1278,966
su_p/y_ksads__dud__past_002__v01___9,1279,967
su_p/y_ksads__dud__pres_,1280,968
su_p/y_ksads__dud__pres_003___1,1281,969
su_p/y_ksads__dud__pres_003___2,1282,970
su_p/y_ksads__dud__pres_003___3,1283,971
su_p/y_ksads__dud__pres_003___4,1284,972
su_p/y_ksads__dud__pres_003___5,1285,973
su_p/y_ksads__dud__pres_003___6,1286,974
su_p/y_ksads__dud__pres_003___7,1287,975
su_p/y_ksads__dud__pres_003___8,1288,976
su_p/y_ksads__dud__pres_003___9,1289,977
su_p/y_ksads__dud__past_,1290,978
su_p/y_ksads__dud__past_003___1,1291,979
su_p/y_ksads__dud__past_003___2,1292,980
su_p/y_ksads__dud__past_003___3,1293,981
su_p/y_ksads__dud__past_003___4,1294,982
su_p/y_ksads__dud__past_003___5,1295,983
su_p/y_ksads__dud__past_003___6,1296,984
su_p/y_ksads__dud__past_003___7,1297,985
su_p/y_ksads__dud__past_003___8,1298,986
su_p/y_ksads__dud__past_003___9,1299,987
su_p/y_ksads__dud__past_003__v01___1,1301,
su_p/y_ksads__dud__past_003__v01___2,1302,989
su_p/y_ksads__dud__past_003__v01___3,1303,990
su_p/y_ksads__dud__past_003__v01___4,1304,991
su_p/y_ksads__dud__past_003__v01___5,1305,992
su_p/y_ksads__dud__past_003__v01___6,1306,993
su_p/y_ksads__dud__past_003__v01___7,1307,994
su_p/y_ksads__dud__past_003__v01___8,1308,995
su_p/y_ksads__dud__past_003__v01___9,1309,996
su_p/y_ksads__dud__pres_,1310,997
su_p/y_ksads__dud__pres_004___1,1311,998
su_p/y_ksads__dud__pres_004___2,1312,999
su_p/y_ksads__dud__pres_004___3,1313,1000
su_p/y_ksads__dud__pres_004___4,1314,1001
su_p/y_ksads__dud__pres_004___5,1315,1002
su_p/y_ksads__dud__pres_004___6,1316,1003
su_p/y_ksads__dud__pres_004___7,1317,1004
su_p/y_ksads__dud__pres_004___8,1318,1005
su_p/y_ksads__dud__pres_004___9,1319,1006
su_p/y_ksads__dud__pres_004__txt,1320,1007
su_p/y_ksads__dud__past_,1321,1008
su_p/y_ksads__dud__past_004___1,1322,1009
su_p/y_ksads__dud__past_004___2,1323,1010
su_p/y_ksads__dud__past_004___3,1324,1011
su_p/y_ksads__dud__past_004___4,1325,1012
su_p/y_ksads__dud__past_004___5,1326,1013
su_p/y_ksads__dud__past_004___6,1327,1014
su_p/y_ksads__dud__past_004___7,1328,1015
su_p/y_ksads__dud__past_004___8,1329,1016
su_p/y_ksads__dud__past_004___9,1330,1017
su_p/y_ksads__dud__past_004__v01___1,1332,
su_p/y_ksads__dud__past_004__v01___2,1333,1019
su_p/y_ksads__dud__past_004__v01___3,1334,1020
su_p/y_ksads__dud__past_004__v01___4,1335,1021
su_p/y_ksads__dud__past_004__v01___5,1336,1022
su_p/y_ksads__dud__past_004__v01___6,1337,1023
su_p/y_ksads__dud__past_004__v01___7,1338,1024
su_p/y_ksads__dud__past_004__v01___8,1339,1025
su_p/y_ksads__dud__past_004__v01___9,1340,1026
su_p/y_ksads__dud__past_004__txt,1341,1027
su_p/y_ksads__dud__pres_,1342,1028
su_p/y_ksads__dud__pres_005___1,1343,1029
su_p/y_ksads__dud__pres_005___2,1344,1030
su_p/y_ksads__dud__pres_005___3,1345,1031
su_p/y_ksads__dud__pres_005___4,1346,1032
su_p/y_ksads__dud__pres_005___5,1347,1033
su_p/y_ksads__dud__pres_005___6,1348,1034
su_p/y_ksads__dud__pres_005___7,1349,1035
su_p/y_ksads__dud__pres_005___8,1350,1036
su_p/y_ksads__dud__pres_005___9,1351,1037
su_p/y_ksads__dud__past_,1352,1038
su_p/y_ksads__dud__past_005___1,1353,1039
su_p/y_ksads__dud__past_005___2,1354,1040
su_p/y_ksads__dud__past_005___3,1355,1041
su_p/y_ksads__dud__past_005___4,1356,1042
su_p/y_ksads__dud__past_005___5,1357,1043
su_p/y_ksads__dud__past_005___6,1358,1044
su_p/y_ksads__dud__past_005___7,1359,1045
su_p/y_ksads__dud__past_005___8,1360,1046
su_p/y_ksads__dud__past_005___9,1361,1047
su_p/y_ksads__dud__past_005__v01___1,1363,
su_p/y_ksads__dud__past_005__v01___2,1364,1049
su_p/y_ksads__dud__past_005__v01___3,1365,1050
su_p/y_ksads__dud__past_005__v01___4,1366,1051
su_p/y_ksads__dud__past_005__v01___5,1367,1052
su_p/y_ksads__dud__past_005__v01___6,1368,1053
su_p/y_ksads__dud__past_005__v01___7,1369,1054
su_p/y_ksads__dud__past_005__v01___8,1370,1055
su_p/y_ksads__dud__past_005__v01___9,1371,1056
mh_p/y_ksads__ptsd__pres_007,2027,1685
mh_p/y_ksads__ptsd__past_007,2028,1686
mh_p/y_ksads__ptsd__past_007__01,2029,1687
mh_p/y_ksads__ptsd__pres_008,2030,1688
mh_p/y_ksads__ptsd__past_008,2031,1689
mh_p/y_ksads__ptsd__past_008__01,2032,1690
mh_p/y_ksads__ptsd__pres_009,2033,1691
mh_p/y_ksads__ptsd__past_009,2034,1692
mh_p/y_ksads__ptsd__past_009__01,2035,1693
mh_p/y_ksads__ptsd__pres_010,2036,1694
mh_p/y_ksads__ptsd__past_010,2037,1695
mh_p/y_ksads__ptsd__past_010__01,2038,1696
mh_p/y_ksads__ptsd__pres_011,2039,1697
mh_p/y_ksads__ptsd__past_011,2040,1698
mh_p/y_ksads__ptsd__past_011__01,2041,1699
mh_p/y_ksads__ptsd__pres_012,2042,1700
mh_p/y_ksads__ptsd__past_012,2043,1701
mh_p/y_ksads__ptsd__past_012__01,2044,1702
mh_p/y_ksads__ptsd__pres_013,2045,1703
mh_p/y_ksads__ptsd__past_013,2046,1704
mh_p/y_ksads__ptsd__past_013__01,2047,1705
mh_p/y_ksads__ptsd__pres_014,2048,1706
mh_p/y_ksads__ptsd__past_014,2049,1707
mh_p/y_ksads__ptsd__past_014__01,2050,1708
mh_p/y_ksads__ptsd__pres_015,2051,1709
mh_p/y_ksads__ptsd__past_015,2052,1710
mh_p/y_ksads__ptsd__past_015__01,2053,1711
mh_p/y_ksads__ptsd__pres_016,2054,1712
mh_p/y_ksads__ptsd__past_016,2055,1713
mh_p/y_ksads__ptsd__past_016__01,2056,1714
mh_p/y_ksads__ptsd__pres_017,2057,1715
mh_p/y_ksads__ptsd__past_017,2058,1716
mh_p/y_ksads__ptsd__past_017__01,2059,1717
mh_p/y_ksads__ptsd__pres_018,2060,1718
mh_p/y_ksads__ptsd__past_018,2061,1719
mh_p/y_ksads__ptsd__past_018__01,2062,1720
mh_p/y_ksads__ptsd__pres_,2063,1721
mh_p/y_ksads__ptsd__pres_021___1,2064,1722
mh_p/y_ksads__ptsd__past_024__mo,2104,1762
mh_p/y_ksads__ptsd__past_024__yr,2104,1762
mh_p/y_ksads__ptsd__pres_021___2,2065,1723
mh_p/y_ksads__ptsd__pres_021___3,2066,1724
mh_p/y_ksads__ptsd__pres_021___4,2067,1725
mh_p/y_ksads__ptsd__pres_021___5,2068,1726
mh_p/y_ksads__ptsd__pres_021___6,2069,1727
mh_p/y_ksads__ptsd__past_,2070,1728
mh_p/y_ksads__ptsd__past_021___1,2071,1729
mh_p/y_ksads__ptsd__past_021___2,2072,1730
mh_p/y_ksads__ptsd__past_021___3,2073,1731
mh_p/y_ksads__ptsd__past_021___4,2074,1732
mh_p/y_ksads__ptsd__past_021___5,2075,1733
mh_p/y_ksads__ptsd__past_021___6,2076,1734
mh_p/y_ksads__ptsd__pres_022,2077,1735
mh_p/y_ksads__ptsd__past_022,2078,1736
mh_p/y_ksads__ptsd__past_023__mo,2079,1737
mh_p/y_ksads__ptsd__past_023__yr,2079,1737
mh_p/y_ksads__ptsd_,2080,1738
mh_p/y_ksads__ptsd_001__01,2081,1739
mh_p/y_ksads__ptsd_001__02,2082,1740
mh_p/y_ksads__ptsd_001__03,2083,1741
mh_p/y_ksads__ptsd_001__04,2084,1742
mh_p/y_ksads__ptsd_001__05,2085,1743
mh_p/y_ksads__ptsd_001__06,2086,1744
mh_p/y_ksads__ptsd_001__07,2087,1745
mh_p/y_ksads__ptsd_001__08,2088,1746
mh_p/y_ksads__ptsd_001__09,2089,1747
mh_p/y_ksads__ptsd_001__10,2090,1748
mh_p/y_ksads__ptsd_001__11,2091,1749
mh_p/y_ksads__ptsd_001__12,2092,1750
mh_p/y_ksads__ptsd_001__13,2093,1751
mh_p/y_ksads__ptsd_001__14,2094,1752
mh_p/y_ksads__ptsd_001__15,2095,1753
mh_p/y_ksads__ptsd_001__16,2096,1754
mh_p/y_ksads__ptsd_001__17,2097,1755
mh_p/y_ksads__ptsd_001__18,2098,1756
mh_p/y_ksads__ptsd_001__19,2099,1757
mh_p/y_ksads__ptsd_001__20,2100,1758
mh_p/y_ksads__ptsd_001__21,2101,1759
mh_p/y_ksads__ptsd_001__22,2102,1760
mh_p/y_ksads__ptsd__pres_001,2009,1667
mh_p/y_ksads__ptsd__past_001,2010,1668
mh_p/y_ksads__ptsd__past_001__01,2011,1669
mh_p/y_ksads__ptsd__pres_002,2012,1670
mh_p/y_ksads__ptsd__past_002,2013,1671
mh_p/y_ksads__ptsd__past_002__01,2014,1672
mh_p/y_ksads__ptsd__pres_003,2015,1673
mh_p/y_ksads__ptsd__past_003,2016,1674
mh_p/y_ksads__ptsd__past_003__01,2017,1675
mh_p/y_ksads__ptsd__pres_004,2018,1676
mh_p/y_ksads__ptsd__past_004,2019,1677
mh_p/y_ksads__ptsd__past_004__01,2020,1678
mh_p/y_ksads__ptsd__pres_005,2021,1679
mh_p/y_ksads__ptsd__past_005,2022,1680
mh_p/y_ksads__ptsd__past_005__01,2023,1681
mh_p/y_ksads__ptsd__pres_006,2024,1682
mh_p/y_ksads__ptsd__past_006,2025,1683
mh_p/y_ksads__ptsd__past_006__01,2026,1684
mh_p/y_ksads__suic__pres_006,1112,810
mh_p/y_ksads__suic__past_006,1124,822
mh_p/y_ksads__suic__pres_007___1,1113,811
mh_p/y_ksads__suic__pres_007___2,1113,811
mh_p/y_ksads__suic__pres_007___3,1113,811
mh_p/y_ksads__suic__pres_007___4,1113,811
mh_p/y_ksads__suic__pres_007___5,1113,811
mh_p/y_ksads__suic__pres_007___6,1113,811
mh_p/y_ksads__suic__pres_007__01,1114,812
mh_p/y_ksads__suic__past_007,1125,823
mh_p/y_ksads__suic__past_007__01__mo,1126,824
mh_p/y_ksads__suic__past_007__01__txt,1126,824
mh_p/y_ksads__suic__past_007__01__yr,1126,824
mh_p/y_ksads__suic__past_007__02__mo,1126,824
mh_p/y_ksads__suic__past_007__02__txt,1126,824
mh_p/y_ksads__suic__past_007__02__yr,1126,824
mh_p/y_ksads__suic__past_007__03__mo,1126,824
mh_p/y_ksads__suic__past_007__03__txt,1126,824
mh_p/y_ksads__suic__past_007__03__yr,1126,824
mh_p/y_ksads__suic__past_007__04__mo,1126,824
mh_p/y_ksads__suic__past_007__04__txt,1126,824
mh_p/y_ksads__suic__past_007__04__yr,1126,824
mh_p/y_ksads__suic__past_007__05__mo,1126,824
mh_p/y_ksads__suic__past_007__05__txt,1126,824
mh_p/y_ksads__suic__past_007__05__yr,1126,824
mh_p/y_ksads__suic__past_007__06__mo,1126,824
mh_p/y_ksads__suic__past_007__06__txt,1126,824
mh_p/y_ksads__suic__past_007__06__yr,1126,824
mh_p/y_ksads__suic__past_007__07__01,1127,825
mh_p/y_ksads__suic__past_007__07__02,1127,825
mh_p/y_ksads__suic__past_007__07__03,1127,825
mh_p/y_ksads__suic__past_007__07__04,1127,825
mh_p/y_ksads__suic__past_007__07__05,1127,825
mh_p/y_ksads__suic__past_007__07__06,1127,825
mh_p/y_ksads__suic__pres_001,1105,803
mh_p/y_ksads__suic__pres_001__01,1106,804
mh_p/y_ksads__suic__past_001,1115,813
mh_p/y_ksads__suic__past_001__01,1116,814
mh_p/y_ksads__suic__past_001__txt,1117,815
mh_p/y_ksads__suic__pres_002,1107,805
mh_p/y_ksads__suic__past_002__01__mo,1118,816
mh_p/y_ksads__suic__past_002__01__yr,1118,816
mh_p/y_ksads__suic__past_002,1119,817
mh_p/y_ksads__suic__pres_003,1108,806
mh_p/y_ksads__suic__past_003,1120,818
mh_p/y_ksads__suic__pres_004,1109,807
mh_p/y_ksads__suic__past_004,1121,819
mh_p/y_ksads__suic__pres_005___0,1110,808
mh_p/y_ksads__suic__pres_005___1,1110,808
mh_p/y_ksads__suic__pres_005___2,1110,808
mh_p/y_ksads__suic__pres_005___3,1110,808
mh_p/y_ksads__suic__pres_005___4,1110,808
mh_p/y_ksads__suic__pres_005___5,1110,808
mh_p/y_ksads__suic__pres_005___6,1110,808
mh_p/y_ksads__suic__pres_005___7,1110,808
mh_p/y_ksads__suic__pres_005___8,1110,808
mh_p/y_ksads__suic__pres_005__txt,1111,809
mh_p/y_ksads__suic__past_005__txt,1122,820
mh_p/y_ksads__suic__past_005___0,1123,821
mh_p/y_ksads__suic__past_005___1,1123,821
mh_p/y_ksads__suic__past_005___2,1123,821
mh_p/y_ksads__suic__past_005___3,1123,821
mh_p/y_ksads__suic__past_005___4,1123,821
mh_p/y_ksads__suic__past_005___5,1123,821
mh_p/y_ksads__suic__past_005___6,1123,821
mh_p/y_ksads__suic__past_005___7,1123,821
mh_p/y_ksads__suic__past_005___8,1123,821
mh_p/y_ksads__dmdd_001,961,665
mh_p/y_ksads__dmdd_002,962,666
mh_p/y_ksads__dmdd_003,963,667
mh_p/y_ksads__dmdd_004,964,668
mh_p/y_ksads__dmdd_005,965,669
mh_p/y_ksads__dmdd_,966,670
mh_p/y_ksads__dmdd_006___1,967,671
mh_p/y_ksads__dmdd_006___2,968,672
mh_p/y_ksads__dmdd_006___3,969,673
mh_p/y_ksads__dmdd_006___4,970,674
mh_p/y_ksads__dmdd_007,971,675
mh_p/y_ksads__dmdd_008__mo,972,676
mh_p/y_ksads__psych__pres_,1684,
mh_p/y_ksads__psych__pres_007___1,1685,
mh_p/y_ksads__psych__pres_007___2,1686,
mh_p/y_ksads__psych__pres_007___3,1687,
mh_p/y_ksads__psych__pres_007___4,1688,
mh_p/y_ksads__psych__pres_007___5,1689,
mh_p/y_ksads__psych__past_,1694,1370
mh_p/y_ksads__psych__past_007___1,1695,1371
mh_p/y_ksads__psych__past_007___2,1696,1372
mh_p/y_ksads__psych__past_007___3,1697,1373
mh_p/y_ksads__psych__past_007___4,1698,1374
mh_p/y_ksads__psych__past_007___5,1699,1375
mh_p/y_ksads__psych__pres_,1700,1376
mh_p/y_ksads__psych__past_009___1,1701,1377
mh_p/y_ksads__psych__pres_009___1,1701,1377
mh_p/y_ksads__psych__past_009___2,1702,1378
mh_p/y_ksads__psych__pres_009___2,1702,1378
mh_p/y_ksads__psych__past_009___3,1703,1379
mh_p/y_ksads__psych__pres_009___3,1703,1379
mh_p/y_ksads__psych__past_009___4,1704,1380
mh_p/y_ksads__psych__pres_009___4,1704,1380
mh_p/y_ksads__psych__past_009___5,1705,1381
mh_p/y_ksads__psych__pres_009___5,1705,1381
mh_p/y_ksads__psych__past_009___6,1706,1382
mh_p/y_ksads__psych__pres_009___6,1706,1382
mh_p/y_ksads__psych__pres_010,1707,1383
mh_p/y_ksads__psych__past_010,1716,1386
mh_p/y_ksads__psych__pres_011,1708,
mh_p/y_ksads__psych__past_011,1717,
mh_p/y_ksads__psych__pres_012,1709,
mh_p/y_ksads__psych__past_012,1718,
mh_p/y_ksads__psych__pres_,1710,
mh_p/y_ksads__psych__pres_013___1,1711,
mh_p/y_ksads__psych__pres_013___2,1712,
mh_p/y_ksads__psych__pres_013___3,1713,
mh_p/y_ksads__psych__pres_013___4,1714,
mh_p/y_ksads__psych__pres_013___5,1715,
mh_p/y_ksads__psych__past_,1719,
mh_p/y_ksads__psych__past_013___1,1720,
mh_p/y_ksads__psych__past_013___2,1721,
mh_p/y_ksads__psych__past_013___3,1722,
mh_p/y_ksads__psych__past_013___4,1723,
mh_p/y_ksads__psych__past_013___5,1724,
mh_p/y_ksads__psych__pres_,1725,1389
mh_p/y_ksads__psych__pres_014___1,1726,1390
mh_p/y_ksads__psych__pres_014___2,1727,1391
mh_p/y_ksads__psych__pres_014___3,1728,1392
mh_p/y_ksads__psych__pres_014___4,1729,1393
mh_p/y_ksads__psych__pres_014___5,1730,1394
mh_p/y_ksads__psych__pres_014___6,1731,1395
mh_p/y_ksads__psych__pres_014___7,1732,1396
mh_p/y_ksads__psych__past_,1734,
mh_p/y_ksads__psych__past_014___1,1735,
mh_p/y_ksads__psych__past_014___2,1736,
mh_p/y_ksads__psych__past_014___3,1737,
mh_p/y_ksads__psych__past_014___4,1738,
mh_p/y_ksads__psych__past_014___5,1739,
mh_p/y_ksads__psych__past_014___6,1740,
mh_p/y_ksads__psych__past_014___7,1741,
mh_p/y_ksads__psych__pres_014__01,1733,1397
mh_p/y_ksads__psych_,1662,1344
mh_p/y_ksads__psych__past_001___1,1663,1345
mh_p/y_ksads__psych__pres_001___1,1663,1345
mh_p/y_ksads__psych__past_001___2,1664,1346
mh_p/y_ksads__psych__pres_001___2,1664,1346
mh_p/y_ksads__psych__past_001___3,1665,1347
mh_p/y_ksads__psych__pres_001___3,1665,1347
mh_p/y_ksads__psych__past_001___4,1666,1348
mh_p/y_ksads__psych__pres_001___4,1666,1348
mh_p/y_ksads__psych__past_001___5,1667,1349
mh_p/y_ksads__psych__pres_001___5,1667,1349
mh_p/y_ksads__psych_,1668,1350
mh_p/y_ksads__psych__past_001__v01___1,1669,1351
mh_p/y_ksads__psych__pres_001__v01___1,1669,1351
mh_p/y_ksads__psych__past_001__v01___2,1670,1352
mh_p/y_ksads__psych__pres_001__v01___2,1670,1352
mh_p/y_ksads__psych__past_001__v01___3,1671,1353
mh_p/y_ksads__psych__pres_001__v01___3,1671,1353
mh_p/y_ksads__psych__past_001__v01___4,1672,1354
mh_p/y_ksads__psych__pres_001__v01___4,1672,1354
mh_p/y_ksads__psych__past_001__v01___5,1673,1355
mh_p/y_ksads__psych__pres_001__v01___5,1673,1355
mh_p/y_ksads__psych__pres_001__01,1674,1356
mh_p/y_ksads__psych__pres_,1675,1357
mh_p/y_ksads__psych__past_002___1,1676,1358
mh_p/y_ksads__psych__pres_002___1,1676,1358
mh_p/y_ksads__psych__past_002___2,1677,1359
mh_p/y_ksads__psych__pres_002___2,1677,1359
mh_p/y_ksads__psych__past_002___3,1678,1360
mh_p/y_ksads__psych__pres_002___3,1678,1360
mh_p/y_ksads__psych__past_002___4,1679,1361
mh_p/y_ksads__psych__pres_002___4,1679,1361
mh_p/y_ksads__psych__pres_003,1680,1362
mh_p/y_ksads__psych__past_003,1690,1366
mh_p/y_ksads__psych__pres_004,1681,
mh_p/y_ksads__psych__past_004,1691,
mh_p/y_ksads__psych__pres_005,1682,
mh_p/y_ksads__psych__past_005,1692,
mh_p/y_ksads__psych__pres_006,1683,
mh_p/y_ksads__psych__past_006,1693,
mh_p/y_ksads__panic__pres_,1742,1400
mh_p/y_ksads__panic__pres_001___1,1743,1401
mh_p/y_ksads__panic__pres_001___2,1744,1402
mh_p/y_ksads__panic__pres_001___3,1745,1403
mh_p/y_ksads__panic__pres_001___4,1746,1404
mh_p/y_ksads__panic__pres_001___5,1747,1405
mh_p/y_ksads__panic__pres_001___6,1748,1406
mh_p/y_ksads__panic__pres_001___7,1749,1407
mh_p/y_ksads__panic__pres_001___8,1750,1408
mh_p/y_ksads__panic__pres_001___9,1751,1409
mh_p/y_ksads__panic__pres_001___10,1752,1410
mh_p/y_ksads__panic__pres_001___11,1753,1411
mh_p/y_ksads__panic__pres_001___12,1754,1412
mh_p/y_ksads__panic__pres_001___13,1755,1413
mh_p/y_ksads__panic__past_,1760,1418
mh_p/y_ksads__panic__past_001___1,1761,1419
mh_p/y_ksads__panic__past_001___2,1762,1420
mh_p/y_ksads__panic__past_001___3,1763,1421
mh_p/y_ksads__panic__past_001___4,1764,1422
mh_p/y_ksads__panic__past_001___5,1765,1423
mh_p/y_ksads__panic__past_001___6,1766,1424
mh_p/y_ksads__panic__past_001___7,1767,1425
mh_p/y_ksads__panic__past_001___8,1768,1426
mh_p/y_ksads__panic__past_001___9,1769,1427
mh_p/y_ksads__panic__past_001___10,1770,1428
mh_p/y_ksads__panic__past_001___11,1771,1429
mh_p/y_ksads__panic__past_001___12,1772,1430
mh_p/y_ksads__panic__past_001___13,1773,1431
mh_p/y_ksads__panic__pres_002,1756,1414
mh_p/y_ksads__panic__past_002,1774,1432
mh_p/y_ksads__panic__pres_003,1757,1415
mh_p/y_ksads__panic__past_003,1775,1433
mh_p/y_ksads__panic__pres_003__01,1758,1416
mh_p/y_ksads__panic__past_004,1776,
mh_p/y_ksads__panic__pres_004,1759,1417
mh_p/y_ksads__panic__past_005,1777,1435
mh_p/y_ksads__panic__past_006__mo,1778,1436
mh_p/y_ksads__panic__past_006__wk,1778,1436
mh_p/y_ksads__panic__past_006__yr,1778,1436
mh_p/y_ksads__agor__pres_,1779,1437
mh_p/y_ksads__agor__pres_001___1,1780,1438
mh_p/y_ksads__agor__pres_001___2,1781,1439
mh_p/y_ksads__agor__pres_001___3,1782,1440
mh_p/y_ksads__agor__pres_001__txt,1783,1441
mh_p/y_ksads__agor__past_,1793,1451
mh_p/y_ksads__agor__past_001___1,1794,1452
mh_p/y_ksads__agor__past_001___2,1795,1453
mh_p/y_ksads__agor__past_001___3,1796,1454
mh_p/y_ksads__agor__past_001__txt,1797,1455
mh_p/y_ksads__agor__pres_002,1784,1442
mh_p/y_ksads__agor__past_002,1798,1456
mh_p/y_ksads__agor__pres_,1785,1443
mh_p/y_ksads__agor__pres_003___1,1786,1444
mh_p/y_ksads__agor__pres_003___2,1787,1445
mh_p/y_ksads__agor__pres_003___3,1788,1446
mh_p/y_ksads__agor__pres_003___4,1789,1447
mh_p/y_ksads__agor__pres_003___5,1790,1448
mh_p/y_ksads__agor__pres_003___6,1791,1449
mh_p/y_ksads__agor__past,1799,1457
mh_p/y_ksads__agor__past_003___1,1800,1458
mh_p/y_ksads__agor__past_003___2,1801,1459
mh_p/y_ksads__agor__past_003___3,1802,1460
mh_p/y_ksads__agor__past_003___4,1803,1461
mh_p/y_ksads__agor__past_003___5,1804,1462
mh_p/y_ksads__agor__past_003___6,1805,1463
mh_p/y_ksads__agor__pres_004,1792,1450
mh_p/y_ksads__agor__past_004,1806,1464
mh_p/y_ksads__agor__past_005__wk,1807,1465
mh_p/y_ksads__sepanx__pres_008,1821,1479
mh_p/y_ksads__sepanx__past_008,1836,1494
mh_p/y_ksads__sepanx__pres_009__mo,1822,1480
mh_p/y_ksads__sepanx__pres_009__wk,1822,1480
mh_p/y_ksads__sepanx__pres_009__yr,1822,1480
mh_p/y_ksads__sepanx__past_009__mo,1837,
mh_p/y_ksads__sepanx__past_009__wk,1837,
mh_p/y_ksads__sepanx__past_009__yr,1837,
mh_p/y_ksads__sepanx__pres_001,1808,1466
mh_p/y_ksads__sepanx__past_001,1823,1481
mh_p/y_ksads__sepanx__pres_002,1809,1467
mh_p/y_ksads__sepanx__past_002,1824,1482
mh_p/y_ksads__sepanx__pres_003,1810,1468
mh_p/y_ksads__sepanx__past_003,1825,1483
mh_p/y_ksads__sepanx__pres_004,1811,1469
mh_p/y_ksads__sepanx__past_004,1826,1484
mh_p/y_ksads__sepanx__pres_005,1812,1470
mh_p/y_ksads__sepanx__past_005,1827,1485
mh_p/y_ksads__sepanx__pres_006,1813,1471
mh_p/y_ksads__sepanx__past_006,1828,1486
mh_p/y_ksads__sepanx__pres_,1814,1472
mh_p/y_ksads__sepanx__pres_007___1,1815,1473
mh_p/y_ksads__sepanx__pres_007___2,1816,1474
mh_p/y_ksads__sepanx__pres_007___3,1817,1475
mh_p/y_ksads__sepanx__pres_007___4,1818,1476
mh_p/y_ksads__sepanx__pres_007___5,1819,1477
mh_p/y_ksads__sepanx__pres_007___6,1820,1478
mh_p/y_ksads__sepanx__past_,1829,1487
mh_p/y_ksads__sepanx__past_007___1,1830,1488
mh_p/y_ksads__sepanx__past_007___2,1831,1489
mh_p/y_ksads__sepanx__past_007___3,1832,1490
mh_p/y_ksads__sepanx__past_007___4,1833,1491
mh_p/y_ksads__sepanx__past_007___5,1834,1492
mh_p/y_ksads__sepanx__past_007___6,1835,1493
mh_p/y_ksads__socanx__pres_,1838,1496
mh_p/y_ksads__socanx__past_001___1,1839,1497
mh_p/y_ksads__socanx__pres_001___1,1839,1497
mh_p/y_ksads__socanx__past_001___2,1840,1498
mh_p/y_ksads__socanx__pres_001___2,1840,1498
mh_p/y_ksads__socanx__past_001___3,1841,1499
mh_p/y_ksads__socanx__pres_001___3,1841,1499
mh_p/y_ksads__socanx__past_001___4,1842,1500
mh_p/y_ksads__socanx__pres_001___4,1842,1500
mh_p/y_ksads__socanx__past_001___5,1843,1501
mh_p/y_ksads__socanx__pres_001___5,1843,1501
mh_p/y_ksads__socanx__past_001___6,1844,1502
mh_p/y_ksads__socanx__pres_001___6,1844,1502
mh_p/y_ksads__socanx__past_001___7,1845,1503
mh_p/y_ksads__socanx__pres_001___7,1845,1503
mh_p/y_ksads__socanx__past_001___8,1846,1504
mh_p/y_ksads__socanx__pres_001___8,1846,1504
mh_p/y_ksads__socanx__past_001___9,1847,1505
mh_p/y_ksads__socanx__pres_001___9,1847,1505
mh_p/y_ksads__socanx__past_001___10,1848,1506
mh_p/y_ksads__socanx__pres_001___10,1848,1506
mh_p/y_ksads__socanx__past_,1866,
mh_p/y_ksads__socanx__pres_001__01___1,1867,
mh_p/y_ksads__socanx__pres_001__01___2,1868,
mh_p/y_ksads__socanx__pres_001__01___3,1869,
mh_p/y_ksads__socanx__pres_001__01___4,1870,
mh_p/y_ksads__socanx__pres_001__01___5,1871,
mh_p/y_ksads__socanx__pres_001__01___6,1872,
mh_p/y_ksads__socanx__pres_001__01___7,1873,
mh_p/y_ksads__socanx__pres_001__01___8,1874,
mh_p/y_ksads__socanx__pres_001__01___9,1875,
mh_p/y_ksads__socanx__pres_001__01___10,1876,
mh_p/y_ksads__socanx__pres_002,1849,1507
mh_p/y_ksads__socanx__past_002,1877,
mh_p/y_ksads__socanx_pres_,1850,1508
mh_p/y_ksads__socanx__pres_003___1,1851,1509
mh_p/y_ksads__socanx__pres_003___2,1852,1510
mh_p/y_ksads__socanx__pres_003___3,1853,1511
mh_p/y_ksads__socanx__pres_003___4,1854,1512
mh_p/y_ksads__socanx__pres_003___5,1855,1513
mh_p/y_ksads__socanx__pres_003___6,1856,1514
mh_p/y_ksads__socanx__past_,1878,1536
mh_p/y_ksads__socanx__past_003___1,1879,1537
mh_p/y_ksads__socanx__past_003___2,1880,1538
mh_p/y_ksads__socanx__past_003___3,1881,1539
mh_p/y_ksads__socanx__past_003___4,1882,1540
mh_p/y_ksads__socanx__past_003___5,1883,1541
mh_p/y_ksads__socanx__past_003___6,1884,1542
mh_p/y_ksads__socanx__pres_004,1857,1515
mh_p/y_ksads__socanx__past_004,1885,1543
mh_p/y_ksads__socanx__pres_,1858,1516
mh_p/y_ksads__socanx__pres_005___1,1859,1517
mh_p/y_ksads__socanx__pres_005___2,1860,1518
mh_p/y_ksads__socanx__pres_005___3,1861,1519
mh_p/y_ksads__socanx__pres_005___4,1862,1520
mh_p/y_ksads__socanx__pres_005___5,1863,1521
mh_p/y_ksads__socanx__pres_005___6,1864,1522
mh_p/y_ksads__socanx__past_,1886,1544
mh_p/y_ksads__socanx__past_005___1,1887,1545
mh_p/y_ksads__socanx__past_005___2,1888,1546
mh_p/y_ksads__socanx__past_005___3,1889,1547
mh_p/y_ksads__socanx__past_005___4,1890,1548
mh_p/y_ksads__socanx__past_005___5,1891,1549
mh_p/y_ksads__socanx__past_005___6,1892,1550
mh_p/y_ksads__socanx__pres_006,1865,1523
mh_p/y_ksads__socanx__past_006,1893,1551
mh_p/y_ksads__socanx__past_007__mo,1894,
mh_p/y_ksads__socanx__past_007__wk,1894,
mh_p/y_ksads__socanx__past_007__yr,1894,
mh_p/y_ksads__phobia_,2103,1761
mh_p/y_ksads__agor__past_005__mo,,
mh_p/y_ksads__agor__past_005__yr,,
mh_p/y_ksads__agor__past_006,,1894
mh_p/y_ksads__agor__past_006__txt,,1895
mh_p/y_ksads__asd__past_001,,1863
mh_p/y_ksads__asd__past_002,,1865
mh_p/y_ksads__asd__past_003,,1867
mh_p/y_ksads__asd__past_004,,1869
mh_p/y_ksads__asd__past_005,,1871
mh_p/y_ksads__asd__pres_,,1872
mh_p/y_ksads__asd__pres_002,,1864
mh_p/y_ksads__asd__pres_003,,1866
mh_p/y_ksads__asd__pres_004,,1868
mh_p/y_ksads__asd__pres_005,,1870
mh_p/y_ksads__asd__pres_006___1,,1873
mh_p/y_ksads__asd__pres_006___2,,1874
mh_p/y_ksads__asd__pres_006___3,,1875
mh_p/y_ksads__asd__pres_006___4,,1876
mh_p/y_ksads__asd__pres_006___5,,1877
mh_p/y_ksads__asd__screen__pres_004a__yr,,
mh_p/y_ksads__asd__screen__pres_004b__yr,,
mh_p/y_ksads__asd__screen__pres_004c__yr,,
mh_p/y_ksads__asd__screen__pres_004d__yr,,
mh_p/y_ksads__asd__screen__pres_004e__yr,,
mh_p/y_ksads__asd__screen__pres_004f__yr,,
mh_p/y_ksads__asd__screen__pres_004g__yr,,
mh_p/y_ksads__bpd__past_002,,1827
mh_p/y_ksads__bpd__past_015,,642
mh_p/y_ksads__bpd__past_017__mo,,643
mh_p/y_ksads__bpd__past_017__yr,,
mh_p/y_ksads__bpd__pres_002,,1826
mh_p/y_ksads__bpd__pres_015,,641
mh_p/y_ksads__bpd__screen__past_003__mo,,
mh_p/y_ksads__bpd__screen__past_003__yr,,
mh_p/y_ksads__bpd__screen__pres_005a__yr,,
mh_p/y_ksads__bpd__screen__pres_005b__yr,,
mh_p/y_ksads__bpd__screen__pres_005c__yr,,
mh_p/y_ksads__bpd__screen__pres_005d__yr,,
mh_p/y_ksads__bpd__screen__pres_005e__yr,,
mh_p/y_ksads__bpd__screen__pres_005f__yr,,
mh_p/y_ksads__bpd__screen__pres_005g__yr,,
mh_p/y_ksads__cond__screen__pres_006a__yr,,
mh_p/y_ksads__cond__screen__pres_006aa__yr,,
mh_p/y_ksads__cond__screen__pres_006ab__yr,,
mh_p/y_ksads__cond__screen__pres_006ac__yr,,
mh_p/y_ksads__cond__screen__pres_006ad__yr,,
mh_p/y_ksads__cond__screen__pres_006ae__yr,,
mh_p/y_ksads__cond__screen__pres_006b__yr,,
mh_p/y_ksads__cond__screen__pres_006c__yr,,
mh_p/y_ksads__cond__screen__pres_006d__yr,,
mh_p/y_ksads__cond__screen__pres_006e__yr,,
mh_p/y_ksads__cond__screen__pres_006f__yr,,
mh_p/y_ksads__cond__screen__pres_006g__yr,,
mh_p/y_ksads__cond__screen__pres_006h__yr,,
mh_p/y_ksads__cond__screen__pres_006i__yr,,
mh_p/y_ksads__cond__screen__pres_006j__yr,,
mh_p/y_ksads__cond__screen__pres_006k__yr,,
mh_p/y_ksads__cond__screen__pres_006l__yr,,
mh_p/y_ksads__cond__screen__pres_006m__yr,,
mh_p/y_ksads__cond__screen__pres_006n__yr,,
mh_p/y_ksads__cond__screen__pres_006o__yr,,
mh_p/y_ksads__cond__screen__pres_006p__yr,,
mh_p/y_ksads__cond__screen__pres_006q__yr,,
mh_p/y_ksads__cond__screen__pres_006r__yr,,
mh_p/y_ksads__cond__screen__pres_006s__yr,,
mh_p/y_ksads__cond__screen__pres_006t__yr,,
mh_p/y_ksads__cond__screen__pres_006u__yr,,
mh_p/y_ksads__cond__screen__pres_006v__yr,,
mh_p/y_ksads__cond__screen__pres_006w__yr,,
mh_p/y_ksads__cond__screen__pres_006x__yr,,
mh_p/y_ksads__cond__screen__pres_006y__yr,,
mh_p/y_ksads__cond__screen__pres_006z__yr,,
mh_p/y_ksads__cond_028,,1996
mh_p/y_ksads__cond_029,,1997
mh_p/y_ksads__cond_030,,1998
mh_p/y_ksads__cond_030__txt,,1999
mh_p/y_ksads__dep__past_003__01,,1880
mh_p/y_ksads__dep__past_003__02,,1881
mh_p/y_ksads__dep__past_009__01,,1882
mh_p/y_ksads__dep__past_012,,608
mh_p/y_ksads__dep__past_013,,1825
mh_p/y_ksads__dep__past_017a__v01,,1814
mh_p/y_ksads__dep__past_017b__v01,,1816
mh_p/y_ksads__dep__past_018a__v01,,1815
mh_p/y_ksads__dep__past_018b__v01,,1817
mh_p/y_ksads__dep__past_019a__v01,,1809
mh_p/y_ksads__dep__past_019b__v01,,1810
mh_p/y_ksads__dep__past_020__v01,,1811
mh_p/y_ksads__dep__past_029,,1806
mh_p/y_ksads__dep__past_030,,1807
mh_p/y_ksads__dep__past_031,,1813
mh_p/y_ksads__dep__pres_009__02,,1883
mh_p/y_ksads__dep__pres_021__v01,,1812
mh_p/y_ksads__dep__screen__past_003__mo,,
mh_p/y_ksads__dep__screen__past_003__yr,,
mh_p/y_ksads__dep__screen__past_004__01__mo,,
mh_p/y_ksads__dep__screen__past_004__01__yr,,
mh_p/y_ksads__dep__screen__past_004a__yr,,
mh_p/y_ksads__dep__screen__past_004b__yr,,
mh_p/y_ksads__dep__screen__past_004c__yr,,
mh_p/y_ksads__dep__screen__past_004d__yr,,
mh_p/y_ksads__dep__screen__past_004e__yr,,
mh_p/y_ksads__dep__screen__past_004f__yr,,
mh_p/y_ksads__dep__screen__past_004g__yr,,
mh_p/y_ksads__dep__screen__pres_004a__yr,,
mh_p/y_ksads__dep__screen__pres_004b__yr,,
mh_p/y_ksads__dep__screen__pres_004c__yr,,
mh_p/y_ksads__dep__screen__pres_004d__yr,,
mh_p/y_ksads__dep__screen__pres_004e__yr,,
mh_p/y_ksads__dep__screen__pres_004f__yr,,
mh_p/y_ksads__dep__screen__pres_004g__yr,,
mh_p/y_ksads__dep_001,,617
mh_p/y_ksads__dep_002,,1824
mh_p/y_ksads__dep_003,,1890
mh_p/y_ksads__dep_003__txt,,1891
mh_p/y_ksads__dmdd_008__yr,,
mh_p/y_ksads__ed__past_002__01,,1828
mh_p/y_ksads__ed__past_002__02__mo__v2,,1829
mh_p/y_ksads__ed__past_002__02__wk__v2,,1829
mh_p/y_ksads__ed__past_002__02__yr__v2,,1829
mh_p/y_ksads__ed__past_003__01__mo__v1,,1831
mh_p/y_ksads__ed__past_003__01__wk__v1,,1831
mh_p/y_ksads__ed__past_003__01__yr__v1,,1831
mh_p/y_ksads__ed__past_004,,
mh_p/y_ksads__ed__pres_003__03__v1,,1832
mh_p/y_ksads__ed__pres_003__v01,,1830
mh_p/y_ksads__ed__pres_004,,
mh_p/y_ksads__ed__screen__past_002,,1994
mh_p/y_ksads__ed__screen__past_002__02__mo__v01,,
mh_p/y_ksads__ed__screen__past_002__02__yr__v01,,
mh_p/y_ksads__ed__screen__past_005__02__mo,,
mh_p/y_ksads__ed__screen__past_005__02__yr,,
mh_p/y_ksads__ed__screen__pres_002__in,,
mh_p/y_ksads__ed__screen__pres_002__weight,,
mh_p/y_ksads__ed__screen__pres_006p__mo,,1995
mh_p/y_ksads__ed__screen__pres_006p__yr,,1995
mh_p/y_ksads__gad__pres_015__mo,,1624
mh_p/y_ksads__gad__pres_015__yr,,1624
mh_p/y_ksads__gad__pres_016,,1900
mh_p/y_ksads__gad__pres_016__txt,,1901
mh_p/y_ksads__hom__screen_,,1962
mh_p/y_ksads__ocd__past_005__mo,,1656
mh_p/y_ksads__ocd__past_005__mo__v01,,1657
mh_p/y_ksads__ocd__past_005__yr,,1656
mh_p/y_ksads__ocd__past_005__yr__v01,,1657
mh_p/y_ksads__ocd__past_010__mo,,1666
mh_p/y_ksads__ocd__past_010__yr,,1666
mh_p/y_ksads__ocd__screen__past_001__02,,1859
mh_p/y_ksads__ocd__screen__past_001__v01___1,,203
mh_p/y_ksads__ocd__screen__past_001__v01___2,,
mh_p/y_ksads__ocd__screen__past_001__v01___3,,204
mh_p/y_ksads__ocd__screen__past_001__v01___4,,205
mh_p/y_ksads__ocd__screen__past_001__v01___5,,206
mh_p/y_ksads__ocd__screen__past_001__v01___6,,207
mh_p/y_ksads__ocd__screen__past_001__v01___7,,208
mh_p/y_ksads__ocd__screen__past_001__v01___8,,209
mh_p/y_ksads__ocd__screen__past_002__02,,1861
mh_p/y_ksads__ocd__screen__past_002__v01___1,,212
mh_p/y_ksads__ocd__screen__past_002__v01___10,,220
mh_p/y_ksads__ocd__screen__past_002__v01___2,,213
mh_p/y_ksads__ocd__screen__past_002__v01___3,,214
mh_p/y_ksads__ocd__screen__past_002__v01___4,,215
mh_p/y_ksads__ocd__screen__past_002__v01___5,,
mh_p/y_ksads__ocd__screen__past_002__v01___6,,216
mh_p/y_ksads__ocd__screen__past_002__v01___7,,217
mh_p/y_ksads__ocd__screen__past_002__v01___8,,218
mh_p/y_ksads__ocd__screen__past_002__v01___9,,219
mh_p/y_ksads__ocd__screen__pres_001__02,,1858
mh_p/y_ksads__ocd__screen__pres_002__02,,1860
mh_p/y_ksads__odd__past_008,,1887
mh_p/y_ksads__odd__pres_007__mo__v01,,734
mh_p/y_ksads__odd__pres_007__yr__v01,,734
mh_p/y_ksads__odd__pres_008__01,,1886
mh_p/y_ksads__odd__pres_008__v01,,1885
mh_p/y_ksads__odd__pres_009,,2000
mh_p/y_ksads__odd__pres_009__txt,,2001
mh_p/y_ksads__panic__past_003__v01,,1434
mh_p/y_ksads__panic_001,,1892
mh_p/y_ksads__panic_001__txt,,1893
mh_p/y_ksads__psych__past_001___6,,1833
mh_p/y_ksads__psych__past_001___7,,1834
mh_p/y_ksads__psych__past_008,,1367
mh_p/y_ksads__psych__past_008__01__day,,1365
mh_p/y_ksads__psych__past_008__01__mo,,1365
mh_p/y_ksads__psych__past_008__01__wk,,1365
mh_p/y_ksads__psych__past_009___7,,1855
mh_p/y_ksads__psych__past_009___8,,1856
mh_p/y_ksads__psych__past_009___9,,1857
mh_p/y_ksads__psych__past_014__01__mo,,1398
mh_p/y_ksads__psych__past_014__01__yr,,1398
mh_p/y_ksads__psych__past_014__v01___1,,1390
mh_p/y_ksads__psych__past_014__v01___2,,1391
mh_p/y_ksads__psych__past_014__v01___3,,1392
mh_p/y_ksads__psych__past_014__v01___4,,1393
mh_p/y_ksads__psych__past_014__v01___5,,1394
mh_p/y_ksads__psych__past_014__v01___6,,1395
mh_p/y_ksads__psych__past_014__v01___7,,1396
mh_p/y_ksads__psych__past_015,,1387
mh_p/y_ksads__psych__pres_,,1835
mh_p/y_ksads__psych__pres_001___6,,1833
mh_p/y_ksads__psych__pres_001___7,,1834
mh_p/y_ksads__psych__pres_008,,1363
mh_p/y_ksads__psych__pres_008__01__day,,1364
mh_p/y_ksads__psych__pres_008__01__mo,,1364
mh_p/y_ksads__psych__pres_008__01__wk,,1364
mh_p/y_ksads__psych__pres_009___7,,1855
mh_p/y_ksads__psych__pres_009___8,,1856
mh_p/y_ksads__psych__pres_009___9,,1857
mh_p/y_ksads__psych__pres_015,,1384
mh_p/y_ksads__psych__pres_016___1,,1836
mh_p/y_ksads__psych__pres_016___10,,1845
mh_p/y_ksads__psych__pres_016___11,,1846
mh_p/y_ksads__psych__pres_016___12,,1847
mh_p/y_ksads__psych__pres_016___13,,1848
mh_p/y_ksads__psych__pres_016___14,,1849
mh_p/y_ksads__psych__pres_016___15,,1850
mh_p/y_ksads__psych__pres_016___16,,1851
mh_p/y_ksads__psych__pres_016___17,,1852
mh_p/y_ksads__psych__pres_016___18,,1853
mh_p/y_ksads__psych__pres_016___19,,1854
mh_p/y_ksads__psych__pres_016___2,,1837
mh_p/y_ksads__psych__pres_016___20,,1884
mh_p/y_ksads__psych__pres_016___3,,1838
mh_p/y_ksads__psych__pres_016___4,,1839
mh_p/y_ksads__psych__pres_016___5,,1840
mh_p/y_ksads__psych__pres_016___6,,1841
mh_p/y_ksads__psych__pres_016___7,,1842
mh_p/y_ksads__psych__pres_016___8,,1843
mh_p/y_ksads__psych__pres_016___9,,1844
mh_p/y_ksads__psych__screen__past_001__v01,,131
mh_p/y_ksads__psych__screen__past_002,,133
mh_p/y_ksads__psych__screen__past_005,,138
mh_p/y_ksads__psych__screen__past_005__01,,139
mh_p/y_ksads__psych__screen__pres_001__v01,,130
mh_p/y_ksads__psych__screen__pres_002,,132
mh_p/y_ksads__psych__screen__pres_004__mo,,137
mh_p/y_ksads__psych__screen__pres_004__yr,,137
mh_p/y_ksads__psych__screen__pres_005,,140
mh_p/y_ksads__psych_001,,1368
mh_p/y_ksads__psych_002,,1369
mh_p/y_ksads__psych_003,,1385
mh_p/y_ksads__psych_004,,1388
mh_p/y_ksads__psych_005,,1399
mh_p/y_ksads__ptsd__past_019,,2003
mh_p/y_ksads__ptsd__past_020,,2005
mh_p/y_ksads__ptsd__pres_019,,2002
mh_p/y_ksads__ptsd__pres_020,,2004
mh_p/y_ksads__ptsd__screen_001___19,,1903
mh_p/y_ksads__ptsd__screen_001___21,,2006
mh_p/y_ksads__ptsd__screen_001___22,,2007
mh_p/y_ksads__ptsd__screen_001___23,,2008
mh_p/y_ksads__ptsd__screen_001___24,,2012
mh_p/y_ksads__ptsd__screen_001__18__mo,,
mh_p/y_ksads__ptsd__screen_001__18__yr,,
mh_p/y_ksads__ptsd__screen_001__19__mo,,
mh_p/y_ksads__ptsd__screen_001__19__yr,,
mh_p/y_ksads__ptsd__screen_001__21__mo,,
mh_p/y_ksads__ptsd__screen_001__21__yr,,
mh_p/y_ksads__ptsd__screen_001__22__mo,,
mh_p/y_ksads__ptsd__screen_001__22__yr,,
mh_p/y_ksads__ptsd__screen_001__23__mo,,
mh_p/y_ksads__ptsd__screen_001__23__yr,,
mh_p/y_ksads__ptsd__screen_001__24__mo,,
mh_p/y_ksads__ptsd__screen_001__24__yr,,
mh_p/y_ksads__sepanx__past_010__mo,,1495
mh_p/y_ksads__sepanx__past_010__yr,,1495
mh_p/y_ksads__sepanx_001,,1896
mh_p/y_ksads__sepanx_001__txt,,1897
mh_p/y_ksads__socanx__past_,,1524
mh_p/y_ksads__socanx__past_001__01___1,,1525
mh_p/y_ksads__socanx__past_001__01___10,,1534
mh_p/y_ksads__socanx__past_001__01___2,,1526
mh_p/y_ksads__socanx__past_001__01___3,,1527
mh_p/y_ksads__socanx__past_001__01___4,,1528
mh_p/y_ksads__socanx__past_001__01___5,,1529
mh_p/y_ksads__socanx__past_001__01___6,,1530
mh_p/y_ksads__socanx__past_001__01___7,,1531
mh_p/y_ksads__socanx__past_001__01___8,,1532
mh_p/y_ksads__socanx__past_001__01___9,,1533
mh_p/y_ksads__socanx__past_008__mo,,1552
mh_p/y_ksads__socanx__past_008__yr,,1552
mh_p/y_ksads__socanx_001,,1898
mh_p/y_ksads__socanx_001__txt,,1899
mh_p/y_ksads__tic_,,1986
mh_p/y_ksads__tic__pres_,,1964
mh_p/y_ksads__tic__pres_,,1977
mh_p/y_ksads__tic__screen__pres_004,,1963
mh_p/y_ksads__tic_001___1,,1965
mh_p/y_ksads__tic_001___10,,1974
mh_p/y_ksads__tic_001___11,,1975
mh_p/y_ksads__tic_001___2,,1966
mh_p/y_ksads__tic_001___3,,1967
mh_p/y_ksads__tic_001___4,,1968
mh_p/y_ksads__tic_001___5,,1969
mh_p/y_ksads__tic_001___6,,1970
mh_p/y_ksads__tic_001___7,,1971
mh_p/y_ksads__tic_001___8,,1972
mh_p/y_ksads__tic_001___9,,1973
mh_p/y_ksads__tic_001__01,,1976
mh_p/y_ksads__tic_002___1,,1978
mh_p/y_ksads__tic_002___2,,1979
mh_p/y_ksads__tic_002___3,,1980
mh_p/y_ksads__tic_002___4,,1981
mh_p/y_ksads__tic_002___5,,1982
mh_p/y_ksads__tic_002___6,,1983
mh_p/y_ksads__tic_002___7,,1984
mh_p/y_ksads__tic_002__01,,1985
mh_p/y_ksads__tic_003___1,,1987
mh_p/y_ksads__tic_003___2,,1988
mh_p/y_ksads__tic_003___3,,1989
mh_p/y_ksads__tic_003___4,,1990
mh_p/y_ksads__tic_003___5,,1991
mh_p/y_ksads__tic_003___6,,1992
mh_p/y_ksads__tic_004__day,,1993
mh_p/y_ksads__tic_004__mo,,1993
mh_p/y_ksads__tic_004__wk,,1993
su_p/y_ksads__aud_,,895
su_p/y_ksads__aud__pres_001__12mo,,
su_p/y_ksads__aud__pres_002__12mo,,
su_p/y_ksads__aud__pres_003__12mo,,
su_p/y_ksads__aud__pres_004__12mo,,
su_p/y_ksads__aud__pres_005__12mo,,
su_p/y_ksads__aud__pres_006__12mo,,
su_p/y_ksads__aud__pres_007__12mo,,
su_p/y_ksads__aud__pres_008__12mo,,
su_p/y_ksads__aud__pres_009__01__mo,,
su_p/y_ksads__aud__pres_009__01__yr,,
su_p/y_ksads__aud__pres_009__12mo,,
su_p/y_ksads__aud__pres_010__12mo,,
su_p/y_ksads__aud__pres_011__12mo,,
su_p/y_ksads__aud__pres_012__12mo,,
su_p/y_ksads__aud__pres_013__12mo,,
su_p/y_ksads__aud__pres_014__12mo,,
su_p/y_ksads__aud__screen__past_002__mo,,
su_p/y_ksads__aud__screen__past_002__yr,,
su_p/y_ksads__aud__screen__past_003__01__yr,,
su_p/y_ksads__aud__screen__past_004__01__yr,,
su_p/y_ksads__aud__screen__past_005__01__yr,,
su_p/y_ksads__aud__screen__pres_003a__yr,,
su_p/y_ksads__aud__screen__pres_003b__yr,,
su_p/y_ksads__aud__screen__pres_003c__yr,,
su_p/y_ksads__aud__screen_001___0,,
su_p/y_ksads__aud__screen_002__txt,,
su_p/y_ksads__dud__past_001___10,,1923
su_p/y_ksads__dud__past_001__v01___10,,1958
su_p/y_ksads__dud__past_002___10,,1925
su_p/y_ksads__dud__past_003___10,,1927
su_p/y_ksads__dud__past_004___10,,1929
su_p/y_ksads__dud__past_005___10,,1931
su_p/y_ksads__dud__past_006___10,,1933
su_p/y_ksads__dud__past_007___10,,1935
su_p/y_ksads__dud__past_008___10,,1937
su_p/y_ksads__dud__pres_,,1879
su_p/y_ksads__dud__pres_001___10,,1922
su_p/y_ksads__dud__pres_002___10,,1924
su_p/y_ksads__dud__pres_003___10,,1926
su_p/y_ksads__dud__pres_004___10,,1928
su_p/y_ksads__dud__pres_005___10,,1930
su_p/y_ksads__dud__pres_006___10,,1932
su_p/y_ksads__dud__pres_007___10,,1934
su_p/y_ksads__dud__pres_008___10,,1936
su_p/y_ksads__dud__pres_009___10,,1938
su_p/y_ksads__dud__pres_010___10,,1939
su_p/y_ksads__dud__pres_011___10,,1940
su_p/y_ksads__dud__pres_012___10,,1941
su_p/y_ksads__dud__pres_013___10,,1942
su_p/y_ksads__dud__pres_014__01__12mo,,
su_p/y_ksads__dud__pres_014__02__12mo,,
su_p/y_ksads__dud__pres_014__03__12mo,,
su_p/y_ksads__dud__pres_014__04__12mo,,
su_p/y_ksads__dud__pres_014__05__12mo,,
su_p/y_ksads__dud__pres_014__06__12mo,,
su_p/y_ksads__dud__pres_014__07__12mo,,
su_p/y_ksads__dud__pres_014__08__12mo,,
su_p/y_ksads__dud__pres_014__09__12mo,,
su_p/y_ksads__dud__pres_014__10__12mo,,
su_p/y_ksads__dud__pres_014__10__3mo,,1943
su_p/y_ksads__dud__pres_015__01__12mo,,
su_p/y_ksads__dud__pres_015__02__12mo,,
su_p/y_ksads__dud__pres_015__03__12mo,,
su_p/y_ksads__dud__pres_015__04__12mo,,
su_p/y_ksads__dud__pres_015__05__12mo,,
su_p/y_ksads__dud__pres_015__06__12mo,,
su_p/y_ksads__dud__pres_015__07__12mo,,
su_p/y_ksads__dud__pres_015__08__12mo,,
su_p/y_ksads__dud__pres_015__09__12mo,,
su_p/y_ksads__dud__pres_015__10__12mo,,
su_p/y_ksads__dud__pres_015__10__3mo,,1952
su_p/y_ksads__dud__pres_016__01__12mo,,
su_p/y_ksads__dud__pres_016__02__12mo,,
su_p/y_ksads__dud__pres_016__03__12mo,,
su_p/y_ksads__dud__pres_016__04__12mo,,
su_p/y_ksads__dud__pres_016__05__12mo,,
su_p/y_ksads__dud__pres_016__06__12mo,,
su_p/y_ksads__dud__pres_016__07__12mo,,
su_p/y_ksads__dud__pres_016__08__12mo,,
su_p/y_ksads__dud__pres_016__09__12mo,,
su_p/y_ksads__dud__pres_016__10__12mo,,
su_p/y_ksads__dud__pres_016__10__3mo,,1953
su_p/y_ksads__dud__pres_017__01__12mo,,
su_p/y_ksads__dud__pres_017__02__12mo,,
su_p/y_ksads__dud__pres_017__03__12mo,,
su_p/y_ksads__dud__pres_017__04__12mo,,
su_p/y_ksads__dud__pres_017__05__12mo,,
su_p/y_ksads__dud__pres_017__06__12mo,,
su_p/y_ksads__dud__pres_017__07__12mo,,
su_p/y_ksads__dud__pres_017__08__12mo,,
su_p/y_ksads__dud__pres_017__09__12mo,,
su_p/y_ksads__dud__pres_017__10__12mo,,
su_p/y_ksads__dud__pres_017__10__3mo,,1954
su_p/y_ksads__dud__pres_018__01__12mo,,
su_p/y_ksads__dud__pres_018__02__12mo,,
su_p/y_ksads__dud__pres_018__03__12mo,,
su_p/y_ksads__dud__pres_018__04__12mo,,
su_p/y_ksads__dud__pres_018__05__12mo,,
su_p/y_ksads__dud__pres_018__06__12mo,,
su_p/y_ksads__dud__pres_018__07__12mo,,
su_p/y_ksads__dud__pres_018__08__12mo,,
su_p/y_ksads__dud__pres_018__09__12mo,,
su_p/y_ksads__dud__pres_018__10__12mo,,
su_p/y_ksads__dud__pres_018__10__3mo,,1955
su_p/y_ksads__dud__pres_019__01__12mo,,
su_p/y_ksads__dud__pres_019__02__12mo,,
su_p/y_ksads__dud__pres_019__03__12mo,,
su_p/y_ksads__dud__pres_019__04__12mo,,
su_p/y_ksads__dud__pres_019__05__12mo,,
su_p/y_ksads__dud__pres_019__06__12mo,,
su_p/y_ksads__dud__pres_019__07__12mo,,
su_p/y_ksads__dud__pres_019__08__12mo,,
su_p/y_ksads__dud__pres_019__09__12mo,,
su_p/y_ksads__dud__pres_019__10__12mo,,
su_p/y_ksads__dud__pres_019__10__3mo,,1956
su_p/y_ksads__dud__pres_020__01__12mo,,
su_p/y_ksads__dud__pres_020__02__12mo,,
su_p/y_ksads__dud__pres_020__03__12mo,,
su_p/y_ksads__dud__pres_020__04__12mo,,
su_p/y_ksads__dud__pres_020__05__12mo,,
su_p/y_ksads__dud__pres_020__06__12mo,,
su_p/y_ksads__dud__pres_020__07__12mo,,
su_p/y_ksads__dud__pres_020__08__12mo,,
su_p/y_ksads__dud__pres_020__09__12mo,,
su_p/y_ksads__dud__pres_020__10__12mo,,
su_p/y_ksads__dud__pres_020__10__3mo,,1957
su_p/y_ksads__dud__pres_021__01__12mo,,
su_p/y_ksads__dud__pres_021__02__12mo,,
su_p/y_ksads__dud__pres_021__03__12mo,,
su_p/y_ksads__dud__pres_021__04__12mo,,
su_p/y_ksads__dud__pres_021__05__12mo,,
su_p/y_ksads__dud__pres_021__06__12mo,,
su_p/y_ksads__dud__pres_021__07__12mo,,
su_p/y_ksads__dud__pres_021__08__12mo,,
su_p/y_ksads__dud__pres_021__09__12mo,,
su_p/y_ksads__dud__pres_021__10__12mo,,
su_p/y_ksads__dud__pres_021__10__3mo,,1944
su_p/y_ksads__dud__pres_022__01__12mo,,
su_p/y_ksads__dud__pres_022__02__12mo,,
su_p/y_ksads__dud__pres_022__03__12mo,,
su_p/y_ksads__dud__pres_022__04__12mo,,
su_p/y_ksads__dud__pres_022__05__12mo,,
su_p/y_ksads__dud__pres_022__06__12mo,,
su_p/y_ksads__dud__pres_022__07__12mo,,
su_p/y_ksads__dud__pres_022__08__12mo,,
su_p/y_ksads__dud__pres_022__09__12mo,,
su_p/y_ksads__dud__pres_022__10__12mo,,
su_p/y_ksads__dud__pres_022__10__3mo,,1945
su_p/y_ksads__dud__pres_023__01__12mo,,
su_p/y_ksads__dud__pres_023__02__12mo,,
su_p/y_ksads__dud__pres_023__03__12mo,,
su_p/y_ksads__dud__pres_023__04__12mo,,
su_p/y_ksads__dud__pres_023__05__12mo,,
su_p/y_ksads__dud__pres_023__06__12mo,,
su_p/y_ksads__dud__pres_023__07__12mo,,
su_p/y_ksads__dud__pres_023__08__12mo,,
su_p/y_ksads__dud__pres_023__09__12mo,,
su_p/y_ksads__dud__pres_023__10__12mo,,
su_p/y_ksads__dud__pres_023__10__3mo,,1946
su_p/y_ksads__dud__pres_024__01__12mo,,
su_p/y_ksads__dud__pres_024__02__12mo,,
su_p/y_ksads__dud__pres_024__03__12mo,,
su_p/y_ksads__dud__pres_024__04__12mo,,
su_p/y_ksads__dud__pres_024__05__12mo,,
su_p/y_ksads__dud__pres_024__06__12mo,,
su_p/y_ksads__dud__pres_024__07__12mo,,
su_p/y_ksads__dud__pres_024__08__12mo,,
su_p/y_ksads__dud__pres_024__09__12mo,,
su_p/y_ksads__dud__pres_024__10__12mo,,
su_p/y_ksads__dud__pres_024__10__3mo,,1947
su_p/y_ksads__dud__pres_025__01__12mo,,
su_p/y_ksads__dud__pres_025__02__12mo,,
su_p/y_ksads__dud__pres_025__03__12mo,,
su_p/y_ksads__dud__pres_025__04__12mo,,
su_p/y_ksads__dud__pres_025__05__12mo,,
su_p/y_ksads__dud__pres_025__06__12mo,,
su_p/y_ksads__dud__pres_025__07__12mo,,
su_p/y_ksads__dud__pres_025__08__12mo,,
su_p/y_ksads__dud__pres_025__09__12mo,,
su_p/y_ksads__dud__pres_025__10__12mo,,
su_p/y_ksads__dud__pres_025__10__3mo,,1948
su_p/y_ksads__dud__pres_026__01__12mo,,
su_p/y_ksads__dud__pres_026__02__12mo,,
su_p/y_ksads__dud__pres_026__03__12mo,,
su_p/y_ksads__dud__pres_026__04__12mo,,
su_p/y_ksads__dud__pres_026__05__12mo,,
su_p/y_ksads__dud__pres_026__06__12mo,,
su_p/y_ksads__dud__pres_026__07__12mo,,
su_p/y_ksads__dud__pres_026__08__12mo,,
su_p/y_ksads__dud__pres_026__09__12mo,,
su_p/y_ksads__dud__pres_026__10__12mo,,
su_p/y_ksads__dud__pres_026__10__3mo,,1949
su_p/y_ksads__dud__pres_027__01__12mo,,
su_p/y_ksads__dud__pres_027__02__12mo,,
su_p/y_ksads__dud__pres_027__03__12mo,,
su_p/y_ksads__dud__pres_027__04__12mo,,
su_p/y_ksads__dud__pres_027__05__12mo,,
su_p/y_ksads__dud__pres_027__06__12mo,,
su_p/y_ksads__dud__pres_027__07__12mo,,
su_p/y_ksads__dud__pres_027__08__12mo,,
su_p/y_ksads__dud__pres_027__09__12mo,,
su_p/y_ksads__dud__pres_027__10__12mo,,
su_p/y_ksads__dud__pres_027__10__3mo,,1950
su_p/y_ksads__dud__pres_028__01__12mo,,
su_p/y_ksads__dud__pres_028__02__12mo,,
su_p/y_ksads__dud__pres_028__03__12mo,,
su_p/y_ksads__dud__pres_028__04__12mo,,
su_p/y_ksads__dud__pres_028__05__12mo,,
su_p/y_ksads__dud__pres_028__06__12mo,,
su_p/y_ksads__dud__pres_028__07__12mo,,
su_p/y_ksads__dud__pres_028__08__12mo,,
su_p/y_ksads__dud__pres_028__09__12mo,,
su_p/y_ksads__dud__pres_028__10__12mo,,
su_p/y_ksads__dud__pres_028__10__3mo,,1951
su_p/y_ksads__dud__pres_029___10,,1959
su_p/y_ksads__dud__pres_030__01__mo,,
su_p/y_ksads__dud__pres_030__01__yr,,
su_p/y_ksads__dud__pres_030__02__mo,,
su_p/y_ksads__dud__pres_030__02__yr,,
su_p/y_ksads__dud__pres_030__03__mo,,
su_p/y_ksads__dud__pres_030__03__yr,,
su_p/y_ksads__dud__pres_030__04__mo,,
su_p/y_ksads__dud__pres_030__04__yr,,
su_p/y_ksads__dud__pres_030__05__mo,,
su_p/y_ksads__dud__pres_030__05__yr,,
su_p/y_ksads__dud__pres_030__06__mo,,
su_p/y_ksads__dud__pres_030__06__yr,,
su_p/y_ksads__dud__pres_030__07__mo,,
su_p/y_ksads__dud__pres_030__07__yr,,
su_p/y_ksads__dud__pres_030__08__mo,,
su_p/y_ksads__dud__pres_030__08__yr,,
su_p/y_ksads__dud__pres_030__09__mo,,
su_p/y_ksads__dud__pres_030__09__yr,,
su_p/y_ksads__dud__pres_030__10__mo,,
su_p/y_ksads__dud__pres_030__10__wk,,1960
su_p/y_ksads__dud__pres_030__10__yr,,
su_p/y_ksads__dud__screen__past_001___10,,1915
su_p/y_ksads__dud__screen__past_002___10,,1917
su_p/y_ksads__dud__screen__past_004___10,,1919
su_p/y_ksads__dud__screen__pres_001___10,,1914
su_p/y_ksads__dud__screen__pres_002___10,,1916
su_p/y_ksads__dud__screen__pres_003___10,,1918
su_p/y_ksads__dud__screen__pres_005__01__freq__mo,,492
su_p/y_ksads__dud__screen__pres_005__01__freq__yr,,492
su_p/y_ksads__dud__screen__pres_005__01__use5__mo,,492
su_p/y_ksads__dud__screen__pres_005__02__freq__mo,,493
su_p/y_ksads__dud__screen__pres_005__02__freq__yr,,493
su_p/y_ksads__dud__screen__pres_005__02__use5__mo,,493
su_p/y_ksads__dud__screen__pres_005__03__freq__mo,,494
su_p/y_ksads__dud__screen__pres_005__03__freq__yr,,494
su_p/y_ksads__dud__screen__pres_005__03__use5__mo,,494
su_p/y_ksads__dud__screen__pres_005__04__freq__mo,,495
su_p/y_ksads__dud__screen__pres_005__04__freq__yr,,495
su_p/y_ksads__dud__screen__pres_005__04__use5__mo,,495
su_p/y_ksads__dud__screen__pres_005__05__freq__mo,,496
su_p/y_ksads__dud__screen__pres_005__05__freq__yr,,496
su_p/y_ksads__dud__screen__pres_005__05__use5__mo,,496
su_p/y_ksads__dud__screen__pres_005__06__freq__mo,,497
su_p/y_ksads__dud__screen__pres_005__06__freq__yr,,497
su_p/y_ksads__dud__screen__pres_005__06__use5__mo,,497
su_p/y_ksads__dud__screen__pres_005__07__freq__mo,,498
su_p/y_ksads__dud__screen__pres_005__07__freq__yr,,498
su_p/y_ksads__dud__screen__pres_005__07__use5__mo,,498
su_p/y_ksads__dud__screen__pres_005__08__freq__mo,,499
su_p/y_ksads__dud__screen__pres_005__08__freq__yr,,499
su_p/y_ksads__dud__screen__pres_005__08__use5__mo,,499
su_p/y_ksads__dud__screen__pres_005__09__arg__mo,,1921
su_p/y_ksads__dud__screen__pres_005__09__arg__yr,,1921
su_p/y_ksads__dud__screen__pres_005__09__freq__mo,,1921
su_p/y_ksads__dud__screen__pres_005__09__freq__yr,,1921
su_p/y_ksads__dud__screen__pres_005__09__grog__mo,,1921
su_p/y_ksads__dud__screen__pres_005__09__grog__yr,,1921
su_p/y_ksads__dud__screen__pres_005__09__use5__mo,,1921
su_p/y_ksads__dud__screen__pres_005__09__use5__yr,,1921
su_p/y_ksads__dud__screen__pres_005__10__freq__mo,,500
su_p/y_ksads__dud__screen__pres_005__10__freq__yr,,500
su_p/y_ksads__dud__screen__pres_005__10__use5__mo,,500
su_p/y_ksads__dud__screen__pres_006__01__arg__mo,,482
su_p/y_ksads__dud__screen__pres_006__01__arg__yr,,482
su_p/y_ksads__dud__screen__pres_006__01__freq__mo,,482
su_p/y_ksads__dud__screen__pres_006__01__freq__yr,,482
su_p/y_ksads__dud__screen__pres_006__02__arg__mo,,483
su_p/y_ksads__dud__screen__pres_006__02__arg__yr,,483
su_p/y_ksads__dud__screen__pres_006__02__freq__mo,,483
su_p/y_ksads__dud__screen__pres_006__02__freq__yr,,483
su_p/y_ksads__dud__screen__pres_006__03__arg__mo,,484
su_p/y_ksads__dud__screen__pres_006__03__arg__yr,,484
su_p/y_ksads__dud__screen__pres_006__03__freq__mo,,484
su_p/y_ksads__dud__screen__pres_006__03__freq__yr,,484
su_p/y_ksads__dud__screen__pres_006__04__arg__mo,,485
su_p/y_ksads__dud__screen__pres_006__04__arg__yr,,485
su_p/y_ksads__dud__screen__pres_006__04__freq__mo,,485
su_p/y_ksads__dud__screen__pres_006__04__freq__yr,,485
su_p/y_ksads__dud__screen__pres_006__05__arg__mo,,486
su_p/y_ksads__dud__screen__pres_006__05__arg__yr,,486
su_p/y_ksads__dud__screen__pres_006__05__freq__mo,,486
su_p/y_ksads__dud__screen__pres_006__05__freq__yr,,486
su_p/y_ksads__dud__screen__pres_006__06__arg__mo,,487
su_p/y_ksads__dud__screen__pres_006__06__arg__yr,,487
su_p/y_ksads__dud__screen__pres_006__06__freq__mo,,487
su_p/y_ksads__dud__screen__pres_006__06__freq__yr,,487
su_p/y_ksads__dud__screen__pres_006__07__arg__mo,,488
su_p/y_ksads__dud__screen__pres_006__07__arg__yr,,488
su_p/y_ksads__dud__screen__pres_006__07__freq__mo,,488
su_p/y_ksads__dud__screen__pres_006__07__freq__yr,,488
su_p/y_ksads__dud__screen__pres_006__08__arg__mo,,489
su_p/y_ksads__dud__screen__pres_006__08__arg__yr,,489
su_p/y_ksads__dud__screen__pres_006__08__freq__mo,,489
su_p/y_ksads__dud__screen__pres_006__08__freq__yr,,489
su_p/y_ksads__dud__screen__pres_006__09__arg__mo,,1920
su_p/y_ksads__dud__screen__pres_006__09__arg__yr,,1920
su_p/y_ksads__dud__screen__pres_006__09__freq__mo,,1920
su_p/y_ksads__dud__screen__pres_006__09__freq__yr,,1920
su_p/y_ksads__dud__screen__pres_006__10__arg__mo,,490
su_p/y_ksads__dud__screen__pres_006__10__arg__yr,,490
su_p/y_ksads__dud__screen__pres_006__10__freq__mo,,490
su_p/y_ksads__dud__screen__pres_006__10__freq__yr,,490
su_p/y_ksads__dud__screen__pres_006__mo,,481
su_p/y_ksads__dud__screen__pres_006__yr,,481
su_p/y_ksads__dud__screen_001___10,,1912
su_p/y_ksads__dud__screen_002___10,,1913
,,
,,
,,
,,
,,
,,
,,
,,
,,
,,
,,
,,
,,
,,
,,
,,
,,
,,
,,
,,
,,
,,
,,
,,
,,
,,
,,
,,
,,
,,
,,
,,
,,
,,
,,
,,
,,
,,
,,
,,
,,
,,
,,
,,
,,
,,
,,
,,
,,
,,
,,
,,
,,
,,
,,
,,
,,
,,
,,
,,
,,
,,
,,
,,
,,
,,
,,
,,
,,
,,
,,
,,
,,
,,
,,
,,
,,
,,
,,
,,
,,
,,
,,
,,
,,
,,
,,
,,
,,
,,
,,
,,
,,
,,
,,
,,
,,
,,
,,
,,
,,
,,
,,
,,
,,
,,
,,
,,
,,
,,
,,
,,
,,
,,
,,
,,
,,
,,
,,
,,
,,
,,
,,
,,
,,
,,
,,
,,
,,
,,
,,
,,
,,
,,
,,
,,
,,
,,
,,
,,
,,
,,
,,
,,
,,
,,
,,
,,
,,
,,
,,
,,
,,
,,
,,
,,
,,
,,
,,
,,
,,
,,
,,
,,
,,
,,
,,
,,
,,
,,
,,
,,
,,
,,
,,
,,
,,
,,
,,
,,
,,
,,
,,
,,
,,
,,
,,
,,
,,
,,
,,
,,
,,
,,
,,
,,
,,
,,
,,
,,
,,
,,
,,
,,
,,
,,
,,
,,
,,
,,
,,
,,
,,
,,
,,
,,
,,
,,
,,
,,
,,
,,
,,
,,
,,
,,
,,
,,
,,
,,
,,
,,
,,
,,
,,
,,
,,
,,
,,
,,
,,
,,
,,
,,
,,
,,
,,
,,
,,
,,
,,
,,
,,
,,
,,
,,
,,
,,
,,
,,
,,
,,
,,
,,
,,
,,
,,
,,
,,
,,
,,
,,
,,
,,
,,
,,
,,
,,
,,
,,
,,
,,
,,
,,
,,
,,
,,
,,
,,
,,
,,
,,
,,
,,
,,
,,
,,
,,
,,
,,
,,
,,
,,
,,
,,
,,
,,
,,
,,
,,
,,
,,
,,
,,
,,
,,
,,
,,
,,
,,
,,
,,
,,
,,
,,
,,
,,
,,
,,
,,
,,
,,
,,
,,
,,
,,
,,
,,
,,
,,
,,
,,
,,
,,
,,
,,
,,
,,
,,
,,
,,
,,
,,
,,
,,
,,
,,
,,
,,
,,
,,